2020-05-09 11:00:46,"RT @Hridyanshu_: Day 46: #100DaysOfCode

- continued with #Java. Revised some concepts of strings and wrapper classes.

#100DaysOfCodeatUPE‚Ä¶"
2020-05-09 07:00:02,"RT @ChhabraMaulik: Day 46 of #100daysofcode

Went ahead with Mongoose and Rest API, got to know the basic structure of http requests and re‚Ä¶"
2020-05-09 06:57:04,"RT @ChhabraMaulik: Day 46 of #100daysofcode

Went ahead with Mongoose and Rest API, got to know the basic structure of http requests and re‚Ä¶"
2020-05-09 06:56:52,"RT @ChhabraMaulik: Day 46 of #100daysofcode

Went ahead with Mongoose and Rest API, got to know the basic structure of http requests and re‚Ä¶"
2020-05-09 06:56:46,"RT @ChhabraMaulik: Day 46 of #100daysofcode

Went ahead with Mongoose and Rest API, got to know the basic structure of http requests and re‚Ä¶"
2020-05-09 06:56:37,"RT @ChhabraMaulik: Day 46 of #100daysofcode

Went ahead with Mongoose and Rest API, got to know the basic structure of http requests and re‚Ä¶"
2020-05-09 00:25:27,"RT @shashwat9kumar: Day 33 of #100DaysOfCode

Studied about :
#HTML5
#CSS3 
#BlockChain

Check my progress at : https://t.co/uHcdtZrcBH

#1‚Ä¶"
2020-05-09 00:24:05,"RT @shashwat9kumar: Day 33 of #100DaysOfCode

Studied about :
#HTML5
#CSS3 
#BlockChain

Check my progress at : https://t.co/uHcdtZrcBH

#1‚Ä¶"
2020-05-09 00:23:52,"RT @shashwat9kumar: Day 33 of #100DaysOfCode

Studied about :
#HTML5
#CSS3 
#BlockChain

Check my progress at : https://t.co/uHcdtZrcBH

#1‚Ä¶"
2020-05-09 00:23:47,"RT @shashwat9kumar: Day 33 of #100DaysOfCode

Studied about :
#HTML5
#CSS3 
#BlockChain

Check my progress at : https://t.co/uHcdtZrcBH

#1‚Ä¶"
2020-05-09 00:23:44,"RT @shashwat9kumar: Day 33 of #100DaysOfCode

Studied about :
#HTML5
#CSS3 
#BlockChain

Check my progress at : https://t.co/uHcdtZrcBH

#1‚Ä¶"
2020-05-09 00:23:37,"RT @shashwat9kumar: Day 33 of #100DaysOfCode

Studied about :
#HTML5
#CSS3 
#BlockChain

Check my progress at : https://t.co/uHcdtZrcBH

#1‚Ä¶"
2020-05-08 22:52:01,"RT @ChhabraMaulik: Day 46 of #100daysofcode

Went ahead with Mongoose and Rest API, got to know the basic structure of http requests and re‚Ä¶"
2020-05-08 19:44:57,"RT @JainSumyak: Day 115 of #301DaysOfCode 
Check out my progress on 
https://t.co/GkpTwa1p9l

#100DaysOfCode #DevOpsAtUPES #AWS #ApacheMave‚Ä¶"
2020-05-08 19:44:57,"RT @JainSumyak: Day 115 of #301DaysOfCode 
Check out my progress on 
https://t.co/GkpTwa1p9l

#100DaysOfCode #DevOpsAtUPES #AWS #ApacheMave‚Ä¶"
2020-05-08 19:44:57,"RT @JainSumyak: Day 115 of #301DaysOfCode 
Check out my progress on 
https://t.co/GkpTwa1p9l

#100DaysOfCode #DevOpsAtUPES #AWS #ApacheMave‚Ä¶"
2020-05-08 19:44:57,"RT @JainSumyak: Day 115 of #301DaysOfCode 
Check out my progress on 
https://t.co/GkpTwa1p9l

#100DaysOfCode #DevOpsAtUPES #AWS #ApacheMave‚Ä¶"
2020-05-08 19:44:10,"RT @JainSumyak: Day 115 of #301DaysOfCode 
Check out my progress on 
https://t.co/GkpTwa1p9l

#100DaysOfCode #DevOpsAtUPES #AWS #ApacheMave‚Ä¶"
2020-05-08 19:43:57,"RT @JainSumyak: Day 115 of #301DaysOfCode 
Check out my progress on 
https://t.co/GkpTwa1p9l

#100DaysOfCode #DevOpsAtUPES #AWS #ApacheMave‚Ä¶"
2020-05-08 19:43:56,"RT @JainSumyak: Day 115 of #301DaysOfCode 
Check out my progress on 
https://t.co/GkpTwa1p9l

#100DaysOfCode #DevOpsAtUPES #AWS #ApacheMave‚Ä¶"
2020-05-08 19:43:53,"RT @JainSumyak: Day 115 of #301DaysOfCode 
Check out my progress on 
https://t.co/GkpTwa1p9l

#100DaysOfCode #DevOpsAtUPES #AWS #ApacheMave‚Ä¶"
2020-05-08 18:39:52,"RT @RupaniKrishan: Day 45 of #100DaysOfCode
#10DaysofJS
Day 0: completed.
learned stdin and stdout in js
and learned about data structures‚Ä¶"
2020-05-08 18:38:36,"RT @RupaniKrishan: Day 45 of #100DaysOfCode
#10DaysofJS
Day 0: completed.
learned stdin and stdout in js
and learned about data structures‚Ä¶"
2020-05-08 18:38:31,"Day 45 of #100DaysOfCode
#10DaysofJS
Day 0: completed.
learned stdin and stdout in js
and learned about data struct‚Ä¶ https://t.co/cCHow3pvjl"
2020-05-08 18:34:59,"RT @RupaniKrishan: Day 44 of #100DaysOfCode
Played around with some HTML codes
#100daysofcodeatUPES
#DevOpsatUPES"
2020-05-08 18:34:53,"RT @RupaniKrishan: Day 44 of #100DaysOfCode
Played around with some HTML codes
#100daysofcodeatUPES
#DevOpsatUPES"
2020-05-08 18:34:52,"RT @RupaniKrishan: Day 44 of #100DaysOfCode
Played around with some HTML codes
#100daysofcodeatUPES
#DevOpsatUPES"
2020-05-08 18:34:41,"RT @RupaniKrishan: Day 44 of #100DaysOfCode
Played around with some HTML codes
#100daysofcodeatUPES
#DevOpsatUPES"
2020-05-08 18:34:36,"Day 44 of #100DaysOfCode
Played around with some HTML codes
#100daysofcodeatUPES
#DevOpsatUPES"
2020-05-08 17:49:39,"RT @JainSumyak: Day 115 of #301DaysOfCode 
Check out my progress on 
https://t.co/GkpTwa1p9l

#100DaysOfCode #DevOpsAtUPES #AWS #ApacheMave‚Ä¶"
2020-05-08 17:49:33,"Day 115 of #301DaysOfCode 
Check out my progress on 
https://t.co/GkpTwa1p9l

#100DaysOfCode #DevOpsAtUPES #AWS‚Ä¶ https://t.co/ruEbieMJHv"
2020-05-08 17:19:06,"RT @shashwat9kumar: Day 33 of #100DaysOfCode

Studied about :
#HTML5
#CSS3 
#BlockChain

Check my progress at : https://t.co/uHcdtZrcBH

#1‚Ä¶"
2020-05-08 17:19:06,"RT @shashwat9kumar: Day 33 of #100DaysOfCode

Studied about :
#HTML5
#CSS3 
#BlockChain

Check my progress at : https://t.co/uHcdtZrcBH

#1‚Ä¶"
2020-05-08 17:19:01,"Day 33 of #100DaysOfCode

Studied about :
#HTML5
#CSS3 
#BlockChain

Check my progress at : https://t.co/uHcdtZrcBH‚Ä¶ https://t.co/sVwxO1CE7j"
2020-05-08 16:30:56,"RT @ChhabraMaulik: Day 46 of #100daysofcode

Went ahead with Mongoose and Rest API, got to know the basic structure of http requests and re‚Ä¶"
2020-05-08 16:02:01,"RT @Hridyanshu_: Day 46: #100DaysOfCode

- continued with #Java. Revised some concepts of strings and wrapper classes.

#100DaysOfCodeatUPE‚Ä¶"
2020-05-08 16:01:53,"RT @Hridyanshu_: Day 46: #100DaysOfCode

- continued with #Java. Revised some concepts of strings and wrapper classes.

#100DaysOfCodeatUPE‚Ä¶"
2020-05-08 16:01:48,"Day 46: #100DaysOfCode

- continued with #Java. Revised some concepts of strings and wrapper classes.

#100DaysOfCodeatUPES
#DevOpsatUPES"
2020-05-08 15:51:51,"RT @ChhabraMaulik: Day 46 of #100daysofcode

Went ahead with Mongoose and Rest API, got to know the basic structure of http requests and re‚Ä¶"
2020-05-08 15:51:45,"RT @ChhabraMaulik: Day 46 of #100daysofcode

Went ahead with Mongoose and Rest API, got to know the basic structure of http requests and re‚Ä¶"
2020-05-08 15:51:43,"RT @ChhabraMaulik: Day 46 of #100daysofcode

Went ahead with Mongoose and Rest API, got to know the basic structure of http requests and re‚Ä¶"
2020-05-08 15:51:34,"RT @ChhabraMaulik: Day 46 of #100daysofcode

Went ahead with Mongoose and Rest API, got to know the basic structure of http requests and re‚Ä¶"
2020-05-08 15:51:34,"RT @ChhabraMaulik: Day 46 of #100daysofcode

Went ahead with Mongoose and Rest API, got to know the basic structure of http requests and re‚Ä¶"
2020-05-08 15:51:29,"Day 46 of #100daysofcode

Went ahead with Mongoose and Rest API, got to know the basic structure of http requests a‚Ä¶ https://t.co/kUN1U0WCnt"
2020-05-08 02:25:02,"RT @ChhabraMaulik: Day 45 of #100daysofcode

Started learned about Rest API and Mongoose in Node JS tutorial.

#100DaysOfCodeAtUPES
#DevOps‚Ä¶"
2020-05-08 02:22:06,"RT @ChhabraMaulik: Day 45 of #100daysofcode

Started learned about Rest API and Mongoose in Node JS tutorial.

#100DaysOfCodeAtUPES
#DevOps‚Ä¶"
2020-05-08 00:12:14,"RT @shashwat9kumar: Day 32 of #100DaysOfCode

Studied about #SmartContracts and #solidity in #blockchain
Also solved #Java problems on @Hac‚Ä¶"
2020-05-07 23:58:19,"RT @shashwat9kumar: Day 32 of #100DaysOfCode

Studied about #SmartContracts and #solidity in #blockchain
Also solved #Java problems on @Hac‚Ä¶"
2020-05-07 18:41:35,"RT @Yashvis99284225: Day 91-92:Done....#100DaysOfCode
Learned about Min and Max heap tree and revised the Avl tree  #Cpp  #github #DevOps #‚Ä¶"
2020-05-07 18:41:05,"RT @Yashvis99284225: Day 91-92:Done....#100DaysOfCode
Learned about Min and Max heap tree and revised the Avl tree  #Cpp  #github #DevOps #‚Ä¶"
2020-05-07 18:40:22,"RT @Yashvis99284225: Day 91-92:Done....#100DaysOfCode
Learned about Min and Max heap tree and revised the Avl tree  #Cpp  #github #DevOps #‚Ä¶"
2020-05-07 18:40:17,"Day 91-92:Done....#100DaysOfCode
Learned about Min and Max heap tree and revised the Avl tree  #Cpp  #github‚Ä¶ https://t.co/CAdzWCp1pz"
2020-05-07 18:29:21,"RT @Hridyanshu_: Day 45: #100DaysOfCode 

-Studied a bit about JSP and created a few JSP files.

#100DaysOfCodeatUPES 
#DevOpsatUPES"
2020-05-07 18:29:16,"RT @Hridyanshu_: Day 45: #100DaysOfCode 

-Studied a bit about JSP and created a few JSP files.

#100DaysOfCodeatUPES 
#DevOpsatUPES"
2020-05-07 18:29:11,"RT @Hridyanshu_: Day 45: #100DaysOfCode 

-Studied a bit about JSP and created a few JSP files.

#100DaysOfCodeatUPES 
#DevOpsatUPES"
2020-05-07 18:29:06,"Day 45: #100DaysOfCode 

-Studied a bit about JSP and created a few JSP files.

#100DaysOfCodeatUPES 
#DevOpsatUPES"
2020-05-07 18:20:20,"RT @IngitSinghal: Day 98 #100DaysOfCode #100DaysOfCodeatUpes
~~Completed with the ATM management project
Some styling is still left.
Partne‚Ä¶"
2020-05-07 18:20:15,"RT @IngitSinghal: Day 98 #100DaysOfCode #100DaysOfCodeatUpes
~~Completed with the ATM management project
Some styling is still left.
Partne‚Ä¶"
2020-05-07 18:20:11,"RT @IngitSinghal: Day 98 #100DaysOfCode #100DaysOfCodeatUpes
~~Completed with the ATM management project
Some styling is still left.
Partne‚Ä¶"
2020-05-07 18:20:06,"Day 98 #100DaysOfCode #100DaysOfCodeatUpes
~~Completed with the ATM management project
Some styling is still left.‚Ä¶ https://t.co/5OasgA0B7G"
2020-05-07 18:19:00,"RT @JainSumyak: Day 114  of #301DaysOfCode 
Check out my progress on 
https://t.co/GkpTwa1p9l

#100DaysOfCode #DevOpsAtUPES #AWS #ApacheMav‚Ä¶"
2020-05-07 18:18:55,"Day 114  of #301DaysOfCode 
Check out my progress on 
https://t.co/GkpTwa1p9l

#100DaysOfCode #DevOpsAtUPES #AWS‚Ä¶ https://t.co/F3W6Ce05hX"
2020-05-07 17:00:09,"RT @shashwat9kumar: Day 32 of #100DaysOfCode

Studied about #SmartContracts and #solidity in #blockchain
Also solved #Java problems on @Hac‚Ä¶"
2020-05-07 17:00:09,"RT @shashwat9kumar: Day 32 of #100DaysOfCode

Studied about #SmartContracts and #solidity in #blockchain
Also solved #Java problems on @Hac‚Ä¶"
2020-05-07 17:00:06,"RT @shashwat9kumar: Day 32 of #100DaysOfCode

Studied about #SmartContracts and #solidity in #blockchain
Also solved #Java problems on @Hac‚Ä¶"
2020-05-07 17:00:03,"Day 32 of #100DaysOfCode

Studied about #SmartContracts and #solidity in #blockchain
Also solved #Java problems on‚Ä¶ https://t.co/WM48sPvbbG"
2020-05-07 16:44:29,"RT @ChhabraMaulik: Day 45 of #100daysofcode

Started learned about Rest API and Mongoose in Node JS tutorial.

#100DaysOfCodeAtUPES
#DevOps‚Ä¶"
2020-05-07 16:44:15,"RT @ChhabraMaulik: Day 45 of #100daysofcode

Started learned about Rest API and Mongoose in Node JS tutorial.

#100DaysOfCodeAtUPES
#DevOps‚Ä¶"
2020-05-07 16:44:10,"RT @ChhabraMaulik: Day 45 of #100daysofcode

Started learned about Rest API and Mongoose in Node JS tutorial.

#100DaysOfCodeAtUPES
#DevOps‚Ä¶"
2020-05-07 16:44:06,"RT @ChhabraMaulik: Day 45 of #100daysofcode

Started learned about Rest API and Mongoose in Node JS tutorial.

#100DaysOfCodeAtUPES
#DevOps‚Ä¶"
2020-05-07 16:44:06,"RT @ChhabraMaulik: Day 45 of #100daysofcode

Started learned about Rest API and Mongoose in Node JS tutorial.

#100DaysOfCodeAtUPES
#DevOps‚Ä¶"
2020-05-07 16:44:06,"RT @ChhabraMaulik: Day 45 of #100daysofcode

Started learned about Rest API and Mongoose in Node JS tutorial.

#100DaysOfCodeAtUPES
#DevOps‚Ä¶"
2020-05-07 16:44:06,"RT @ChhabraMaulik: Day 45 of #100daysofcode

Started learned about Rest API and Mongoose in Node JS tutorial.

#100DaysOfCodeAtUPES
#DevOps‚Ä¶"
2020-05-07 16:44:01,"Day 45 of #100daysofcode

Started learned about Rest API and Mongoose in Node JS tutorial.

#100DaysOfCodeAtUPES
#DevOpsAtUPES #Nodejs"
2020-05-07 14:41:39,"RT @kudoabhijeet: D15-D20 #100DaysOfML
I am brushing up my #Mathematics for #MachineLearning this week. It's an essential prerequisite whil‚Ä¶"
2020-05-07 14:41:39,"RT @kudoabhijeet: D15-D20 #100DaysOfML
I am brushing up my #Mathematics for #MachineLearning this week. It's an essential prerequisite whil‚Ä¶"
2020-05-07 14:41:39,"RT @kudoabhijeet: D15-D20 #100DaysOfML
I am brushing up my #Mathematics for #MachineLearning this week. It's an essential prerequisite whil‚Ä¶"
2020-05-07 14:41:34,"D15-D20 #100DaysOfML
I am brushing up my #Mathematics for #MachineLearning this week. It's an essential prerequisit‚Ä¶ https://t.co/wa9QLAb8Bu"
2020-05-06 18:06:51,"RT @JainSumyak: Day 113  of #301DaysOfCode 
Check out my progress on 
https://t.co/GkpTwa1p9l

#100DaysOfCode #DevOpsAtUPES #AWS #ApacheMav‚Ä¶"
2020-05-06 18:04:53,"RT @JainSumyak: Day 113  of #301DaysOfCode 
Check out my progress on 
https://t.co/GkpTwa1p9l

#100DaysOfCode #DevOpsAtUPES #AWS #ApacheMav‚Ä¶"
2020-05-06 18:04:48,"RT @JainSumyak: Day 113  of #301DaysOfCode 
Check out my progress on 
https://t.co/GkpTwa1p9l

#100DaysOfCode #DevOpsAtUPES #AWS #ApacheMav‚Ä¶"
2020-05-06 18:04:45,"RT @JainSumyak: Day 113  of #301DaysOfCode 
Check out my progress on 
https://t.co/GkpTwa1p9l

#100DaysOfCode #DevOpsAtUPES #AWS #ApacheMav‚Ä¶"
2020-05-06 18:04:43,"Day 113  of #301DaysOfCode 
Check out my progress on 
https://t.co/GkpTwa1p9l

#100DaysOfCode #DevOpsAtUPES #AWS‚Ä¶ https://t.co/qNs2CYo6Al"
2020-05-06 17:30:22,"Check out my first article on @LinkedIn:
 
DevOps people must check it out.
#devops #jenkins #docker #git #github‚Ä¶ https://t.co/s4F4G2qWV0"
2020-05-06 17:22:03,"RT @RupaniKrishan: Day 38-43 of #100DaysOfCode
Did some programming in java. Some codes on Strings, Inheritance, Data Structures, and some‚Ä¶"
2020-05-06 17:22:03,"RT @RupaniKrishan: Day 38-43 of #100DaysOfCode
Did some programming in java. Some codes on Strings, Inheritance, Data Structures, and some‚Ä¶"
2020-05-06 17:21:58,"Day 38-43 of #100DaysOfCode
Did some programming in java. Some codes on Strings, Inheritance, Data Structures, and‚Ä¶ https://t.co/tOJ5qRfsg3"
2020-05-06 16:27:27,"RT @shashwat9kumar: Day 31 #100DaysOfCode

Studied about #blockchain 
Tried implementing blockchain in #Java 
Studied about #Cryptography #‚Ä¶"
2020-05-06 16:25:18,"RT @shashwat9kumar: Day 31 #100DaysOfCode

Studied about #blockchain 
Tried implementing blockchain in #Java 
Studied about #Cryptography #‚Ä¶"
2020-05-06 16:25:18,"RT @shashwat9kumar: Day 31 #100DaysOfCode

Studied about #blockchain 
Tried implementing blockchain in #Java 
Studied about #Cryptography #‚Ä¶"
2020-05-06 16:25:17,"RT @shashwat9kumar: Day 31 #100DaysOfCode

Studied about #blockchain 
Tried implementing blockchain in #Java 
Studied about #Cryptography #‚Ä¶"
2020-05-06 16:25:12,"Day 31 #100DaysOfCode

Studied about #blockchain 
Tried implementing blockchain in #Java 
Studied about‚Ä¶ https://t.co/vqBUVFOXdl"
2020-05-06 15:51:51,"RT @ChhabraMaulik: Day 44 of #100daysofcode

Learned the difference between callback function and promises.
Also got to know some methods‚Ä¶"
2020-05-06 15:51:51,"RT @ChhabraMaulik: Day 44 of #100daysofcode

Learned the difference between callback function and promises.
Also got to know some methods‚Ä¶"
2020-05-06 15:49:06,"RT @ChhabraMaulik: Day 44 of #100daysofcode

Learned the difference between callback function and promises.
Also got to know some methods‚Ä¶"
2020-05-06 15:48:58,"RT @ChhabraMaulik: Day 44 of #100daysofcode

Learned the difference between callback function and promises.
Also got to know some methods‚Ä¶"
2020-05-06 15:48:37,"RT @ChhabraMaulik: Day 44 of #100daysofcode

Learned the difference between callback function and promises.
Also got to know some methods‚Ä¶"
2020-05-06 15:16:36,"RT @Hridyanshu_: Day 44: #100DaysOfCode

- Revised Servlets in #Java
- Also revised some basics of HTML and CSS.

#100DaysOfCodeatUPES
#Dev‚Ä¶"
2020-05-06 15:12:24,"RT @Hridyanshu_: Day 44: #100DaysOfCode

- Revised Servlets in #Java
- Also revised some basics of HTML and CSS.

#100DaysOfCodeatUPES
#Dev‚Ä¶"
2020-05-06 15:12:21,"RT @Hridyanshu_: Day 44: #100DaysOfCode

- Revised Servlets in #Java
- Also revised some basics of HTML and CSS.

#100DaysOfCodeatUPES
#Dev‚Ä¶"
2020-05-06 15:12:20,"RT @Hridyanshu_: Day 44: #100DaysOfCode

- Revised Servlets in #Java
- Also revised some basics of HTML and CSS.

#100DaysOfCodeatUPES
#Dev‚Ä¶"
2020-05-06 15:12:18,"RT @Hridyanshu_: Day 44: #100DaysOfCode

- Revised Servlets in #Java
- Also revised some basics of HTML and CSS.

#100DaysOfCodeatUPES
#Dev‚Ä¶"
2020-05-06 15:12:16,"RT @Hridyanshu_: Day 44: #100DaysOfCode

- Revised Servlets in #Java
- Also revised some basics of HTML and CSS.

#100DaysOfCodeatUPES
#Dev‚Ä¶"
2020-05-06 15:12:13,"Day 44: #100DaysOfCode

- Revised Servlets in #Java
- Also revised some basics of HTML and CSS.

#100DaysOfCodeatUPES
#DevOpsatUPES"
2020-05-06 14:53:08,"RT @IngitSinghal: Day 97 #100DaysOfCode #100DaysOfCodeatUPES

&gt;Continued with the ATM management project with
@Hridyanshu_ @Jatin_uppal89‚Ä¶"
2020-05-06 14:53:04,"RT @IngitSinghal: Day 97 #100DaysOfCode #100DaysOfCodeatUPES

&gt;Continued with the ATM management project with
@Hridyanshu_ @Jatin_uppal89‚Ä¶"
2020-05-06 14:53:04,"RT @IngitSinghal: Day 97 #100DaysOfCode #100DaysOfCodeatUPES

&gt;Continued with the ATM management project with
@Hridyanshu_ @Jatin_uppal89‚Ä¶"
2020-05-06 14:53:03,"RT @IngitSinghal: Day 97 #100DaysOfCode #100DaysOfCodeatUPES

&gt;Continued with the ATM management project with
@Hridyanshu_ @Jatin_uppal89‚Ä¶"
2020-05-06 14:52:58,"Day 97 #100DaysOfCode #100DaysOfCodeatUPES

&gt;Continued with the ATM management project with
@Hridyanshu_‚Ä¶ https://t.co/SB5lVREGRb"
2020-05-06 14:41:29,"RT @ChhabraMaulik: Day 44 of #100daysofcode

Learned the difference between callback function and promises.
Also got to know some methods‚Ä¶"
2020-05-06 14:41:29,"RT @ChhabraMaulik: Day 44 of #100daysofcode

Learned the difference between callback function and promises.
Also got to know some methods‚Ä¶"
2020-05-06 14:41:23,"Day 44 of #100daysofcode

Learned the difference between callback function and promises.
Also got to know some meth‚Ä¶ https://t.co/8NLVrKAV2J"
2020-05-05 18:45:31,"RT @Hridyanshu_: Day 43: #100DaysOfCode

-revised exception handling in #Java and coded a few problems for the same.

#100DaysOfCodeatUPES‚Ä¶"
2020-05-05 18:45:31,"RT @Hridyanshu_: Day 43: #100DaysOfCode

-revised exception handling in #Java and coded a few problems for the same.

#100DaysOfCodeatUPES‚Ä¶"
2020-05-05 18:45:31,"RT @Hridyanshu_: Day 43: #100DaysOfCode

-revised exception handling in #Java and coded a few problems for the same.

#100DaysOfCodeatUPES‚Ä¶"
2020-05-05 18:41:26,"RT @Hridyanshu_: Day 43: #100DaysOfCode

-revised exception handling in #Java and coded a few problems for the same.

#100DaysOfCodeatUPES‚Ä¶"
2020-05-05 18:41:23,"RT @Hridyanshu_: Day 43: #100DaysOfCode

-revised exception handling in #Java and coded a few problems for the same.

#100DaysOfCodeatUPES‚Ä¶"
2020-05-05 18:41:17,"Day 43: #100DaysOfCode

-revised exception handling in #Java and coded a few problems for the same.

#100DaysOfCodeatUPES
#DevOpsatUPES"
2020-05-05 18:20:26,"RT @IngitSinghal: Day 93-96 #100DaysOfCode #100DaysOfCodeatUpes

&gt;Practiced java programs on
  JDBC , Servlets , JSP 

#DevOpsatUPES #Java‚Ä¶"
2020-05-05 18:20:21,"Day 93-96 #100DaysOfCode #100DaysOfCodeatUpes

&gt;Practiced java programs on
  JDBC , Servlets , JSP 

#DevOpsatUPES #Java #coding"
2020-05-05 17:05:31,"RT @shashwat9kumar: Day 30 #100DaysOfCode 

Studied #HTML5
Solved problems on #Hackerrank 

Track my progress at : https://t.co/uHcdtZrcBH‚Ä¶"
2020-05-05 17:05:20,"RT @shashwat9kumar: Day 30 #100DaysOfCode 

Studied #HTML5
Solved problems on #Hackerrank 

Track my progress at : https://t.co/uHcdtZrcBH‚Ä¶"
2020-05-05 17:00:30,"RT @shashwat9kumar: Day 30 #100DaysOfCode 

Studied #HTML5
Solved problems on #Hackerrank 

Track my progress at : https://t.co/uHcdtZrcBH‚Ä¶"
2020-05-05 17:00:30,"RT @shashwat9kumar: Day 30 #100DaysOfCode 

Studied #HTML5
Solved problems on #Hackerrank 

Track my progress at : https://t.co/uHcdtZrcBH‚Ä¶"
2020-05-05 17:00:30,"RT @shashwat9kumar: Day 30 #100DaysOfCode 

Studied #HTML5
Solved problems on #Hackerrank 

Track my progress at : https://t.co/uHcdtZrcBH‚Ä¶"
2020-05-05 17:00:30,"RT @shashwat9kumar: Day 30 #100DaysOfCode 

Studied #HTML5
Solved problems on #Hackerrank 

Track my progress at : https://t.co/uHcdtZrcBH‚Ä¶"
2020-05-05 17:00:16,"RT @shashwat9kumar: Day 30 #100DaysOfCode 

Studied #HTML5
Solved problems on #Hackerrank 

Track my progress at : https://t.co/uHcdtZrcBH‚Ä¶"
2020-05-05 16:59:41,"RT @shashwat9kumar: Day 30 #100DaysOfCode 

Studied #HTML5
Solved problems on #Hackerrank 

Track my progress at : https://t.co/uHcdtZrcBH‚Ä¶"
2020-05-05 16:59:36,"RT @shashwat9kumar: Day 30 #100DaysOfCode 

Studied #HTML5
Solved problems on #Hackerrank 

Track my progress at : https://t.co/uHcdtZrcBH‚Ä¶"
2020-05-05 16:59:31,"Day 30 #100DaysOfCode 

Studied #HTML5
Solved problems on #Hackerrank 

Track my progress at :‚Ä¶ https://t.co/5s0Ps6VODQ"
2020-05-05 16:35:18,"RT @ChhabraMaulik: Day 43 of #100daysofcode

Tried some Java problems today and revised NodeJS concepts.

#100DaysOfCodeAtUPES
#DevOpsAtUPE‚Ä¶"
2020-05-05 16:20:59,"RT @ChhabraMaulik: Day 43 of #100daysofcode

Tried some Java problems today and revised NodeJS concepts.

#100DaysOfCodeAtUPES
#DevOpsAtUPE‚Ä¶"
2020-05-05 16:20:52,"RT @ChhabraMaulik: Day 43 of #100daysofcode

Tried some Java problems today and revised NodeJS concepts.

#100DaysOfCodeAtUPES
#DevOpsAtUPE‚Ä¶"
2020-05-05 16:20:11,"RT @ChhabraMaulik: Day 43 of #100daysofcode

Tried some Java problems today and revised NodeJS concepts.

#100DaysOfCodeAtUPES
#DevOpsAtUPE‚Ä¶"
2020-05-05 16:19:58,"Day 43 of #100daysofcode

Tried some Java problems today and revised NodeJS concepts.

#100DaysOfCodeAtUPES
#DevOpsAtUPES #java #nodejs"
2020-05-04 18:36:47,"RT @Hridyanshu_: Day 42: #100DaysOfCode 

- Revised some concepts in #Java and applied them.

#100DaysOfCodeatUPES 
#DevOpsatUPES"
2020-05-04 18:36:47,"RT @Hridyanshu_: Day 42: #100DaysOfCode 

- Revised some concepts in #Java and applied them.

#100DaysOfCodeatUPES 
#DevOpsatUPES"
2020-05-04 18:36:42,"Day 42: #100DaysOfCode 

- Revised some concepts in #Java and applied them.

#100DaysOfCodeatUPES 
#DevOpsatUPES"
2020-05-04 18:33:01,"RT @Yashvis99284225: Day 90:Done....#100DaysOfCode
Making a web page using html and css concepts ,Work in progress hope to complete it soon‚Ä¶"
2020-05-04 18:31:19,"RT @Yashvis99284225: Day 90:Done....#100DaysOfCode
Making a web page using html and css concepts ,Work in progress hope to complete it soon‚Ä¶"
2020-05-04 18:31:15,"RT @Yashvis99284225: Day 90:Done....#100DaysOfCode
Making a web page using html and css concepts ,Work in progress hope to complete it soon‚Ä¶"
2020-05-04 18:31:06,"RT @Yashvis99284225: Day 90:Done....#100DaysOfCode
Making a web page using html and css concepts ,Work in progress hope to complete it soon‚Ä¶"
2020-05-04 18:31:03,"RT @Yashvis99284225: Day 90:Done....#100DaysOfCode
Making a web page using html and css concepts ,Work in progress hope to complete it soon‚Ä¶"
2020-05-04 18:30:46,"RT @Yashvis99284225: Day 90:Done....#100DaysOfCode
Making a web page using html and css concepts ,Work in progress hope to complete it soon‚Ä¶"
2020-05-04 18:30:46,"RT @Yashvis99284225: Day 90:Done....#100DaysOfCode
Making a web page using html and css concepts ,Work in progress hope to complete it soon‚Ä¶"
2020-05-04 18:30:41,"Day 90:Done....#100DaysOfCode
Making a web page using html and css concepts ,Work in progress hope to complete it s‚Ä¶ https://t.co/CJakxjbyJ2"
2020-05-04 18:11:53,"RT @JainSumyak: Day 110-111  of #301DaysOfCode 
Check out my progress on 
https://t.co/GkpTw9JOhN

#100DaysOfCode #DevOpsAtUPES #AWS #Apach‚Ä¶"
2020-05-04 18:11:48,"RT @JainSumyak: Day 110-111  of #301DaysOfCode 
Check out my progress on 
https://t.co/GkpTw9JOhN

#100DaysOfCode #DevOpsAtUPES #AWS #Apach‚Ä¶"
2020-05-04 18:11:47,"RT @JainSumyak: Day 110-111  of #301DaysOfCode 
Check out my progress on 
https://t.co/GkpTw9JOhN

#100DaysOfCode #DevOpsAtUPES #AWS #Apach‚Ä¶"
2020-05-04 18:11:42,"Day 110-111  of #301DaysOfCode 
Check out my progress on 
https://t.co/GkpTw9JOhN

#100DaysOfCode #DevOpsAtUPES‚Ä¶ https://t.co/2JlpylBlhl"
2020-05-04 17:15:06,"RT @shashwat9kumar: Day 29 #100DaysOfCode 

Sovled problems on @codechef for May 2020 challenge.

Also studied about Servlets and JSP in #J‚Ä¶"
2020-05-04 17:14:55,"RT @shashwat9kumar: Day 29 #100DaysOfCode 

Sovled problems on @codechef for May 2020 challenge.

Also studied about Servlets and JSP in #J‚Ä¶"
2020-05-04 17:14:49,"RT @shashwat9kumar: Day 29 #100DaysOfCode 

Sovled problems on @codechef for May 2020 challenge.

Also studied about Servlets and JSP in #J‚Ä¶"
2020-05-04 17:14:49,"RT @shashwat9kumar: Day 29 #100DaysOfCode 

Sovled problems on @codechef for May 2020 challenge.

Also studied about Servlets and JSP in #J‚Ä¶"
2020-05-04 17:14:44,"Day 29 #100DaysOfCode 

Sovled problems on @codechef for May 2020 challenge.

Also studied about Servlets and JSP i‚Ä¶ https://t.co/tRfc07YiZl"
2020-05-04 12:56:40,"RT @ChhabraMaulik: Day 42 of #100daysofcode

- Learned the difference between SQL and NoSQL databases, did setup MongoDB for learning more‚Ä¶"
2020-05-04 12:56:32,"RT @ChhabraMaulik: Day 42 of #100daysofcode

- Learned the difference between SQL and NoSQL databases, did setup MongoDB for learning more‚Ä¶"
2020-05-04 12:46:20,"RT @ChhabraMaulik: Day 42 of #100daysofcode

- Learned the difference between SQL and NoSQL databases, did setup MongoDB for learning more‚Ä¶"
2020-05-04 12:46:15,"RT @ChhabraMaulik: Day 42 of #100daysofcode

- Learned the difference between SQL and NoSQL databases, did setup MongoDB for learning more‚Ä¶"
2020-05-04 12:46:08,"RT @ChhabraMaulik: Day 42 of #100daysofcode

- Learned the difference between SQL and NoSQL databases, did setup MongoDB for learning more‚Ä¶"
2020-05-04 12:46:07,"RT @ChhabraMaulik: Day 42 of #100daysofcode

- Learned the difference between SQL and NoSQL databases, did setup MongoDB for learning more‚Ä¶"
2020-05-04 12:46:02,"Day 42 of #100daysofcode

- Learned the difference between SQL and NoSQL databases, did setup MongoDB for learning‚Ä¶ https://t.co/r8EqeM3lK8"
2020-05-03 17:46:10,"RT @Hridyanshu_: Day 41: #100DaysOfCode 

- Solved problem on #Hackerrank

#100DaysOfCodeatUPES
#DevOpsatUPES

https://t.co/iouSaKVrD1"
2020-05-03 17:46:07,"RT @Hridyanshu_: Day 41: #100DaysOfCode 

- Solved problem on #Hackerrank

#100DaysOfCodeatUPES
#DevOpsatUPES

https://t.co/iouSaKVrD1"
2020-05-03 17:46:02,"Day 41: #100DaysOfCode 

- Solved problem on #Hackerrank

#100DaysOfCodeatUPES
#DevOpsatUPES

https://t.co/iouSaKVrD1"
2020-05-03 17:14:15,"RT @PiyushVishnoi11: Day 112/301:done...#301DaysOfCode 
learnt about how to access remote repos in #maven #Java 
Stuck with Wireshark in #L‚Ä¶"
2020-05-03 17:13:47,"RT @PiyushVishnoi11: Day 112/301:done...#301DaysOfCode 
learnt about how to access remote repos in #maven #Java 
Stuck with Wireshark in #L‚Ä¶"
2020-05-03 17:13:02,"RT @shashwat9kumar: Day 28 #100DaysOfCode

Had a lazy day but still managed to solve #problems on @hackerrank 

Check my progress at : http‚Ä¶"
2020-05-03 17:04:08,"RT @shashwat9kumar: Day 28 #100DaysOfCode

Had a lazy day but still managed to solve #problems on @hackerrank 

Check my progress at : http‚Ä¶"
2020-05-03 17:04:04,"RT @shashwat9kumar: Day 28 #100DaysOfCode

Had a lazy day but still managed to solve #problems on @hackerrank 

Check my progress at : http‚Ä¶"
2020-05-03 17:03:53,"RT @shashwat9kumar: Day 28 #100DaysOfCode

Had a lazy day but still managed to solve #problems on @hackerrank 

Check my progress at : http‚Ä¶"
2020-05-03 17:03:53,"RT @shashwat9kumar: Day 28 #100DaysOfCode

Had a lazy day but still managed to solve #problems on @hackerrank 

Check my progress at : http‚Ä¶"
2020-05-03 17:03:47,"Day 28 #100DaysOfCode

Had a lazy day but still managed to solve #problems on @hackerrank 

Check my progress at :‚Ä¶ https://t.co/TeKDQbKvrX"
2020-05-03 16:50:14,"RT @Yashvis99284225: Day 87-88:Done....#100DaysOfCode
Revised the cpp and html .Stuck in the problem statement in cpp
#Cpp  #github #DevOps‚Ä¶"
2020-05-03 16:50:07,"RT @Yashvis99284225: Day 87-88:Done....#100DaysOfCode
Revised the cpp and html .Stuck in the problem statement in cpp
#Cpp  #github #DevOps‚Ä¶"
2020-05-03 16:50:05,"RT @Yashvis99284225: Day 87-88:Done....#100DaysOfCode
Revised the cpp and html .Stuck in the problem statement in cpp
#Cpp  #github #DevOps‚Ä¶"
2020-05-03 16:50:05,"RT @Yashvis99284225: Day 87-88:Done....#100DaysOfCode
Revised the cpp and html .Stuck in the problem statement in cpp
#Cpp  #github #DevOps‚Ä¶"
2020-05-03 16:50:05,"RT @Yashvis99284225: Day 87-88:Done....#100DaysOfCode
Revised the cpp and html .Stuck in the problem statement in cpp
#Cpp  #github #DevOps‚Ä¶"
2020-05-03 16:50:00,"Day 87-88:Done....#100DaysOfCode
Revised the cpp and html .Stuck in the problem statement in cpp
#Cpp  #github‚Ä¶ https://t.co/4FOjEntFbS"
2020-05-03 13:27:07,"RT @ChhabraMaulik: Day 41 of #100daysofcode

Solved some Java problems on Hackerrank. Got 5‚≠êÔ∏èin the same. Though it was not hard enough to‚Ä¶"
2020-05-03 13:25:17,"RT @ChhabraMaulik: Day 41 of #100daysofcode

Solved some Java problems on Hackerrank. Got 5‚≠êÔ∏èin the same. Though it was not hard enough to‚Ä¶"
2020-05-03 13:25:14,"RT @ChhabraMaulik: Day 41 of #100daysofcode

Solved some Java problems on Hackerrank. Got 5‚≠êÔ∏èin the same. Though it was not hard enough to‚Ä¶"
2020-05-03 13:25:14,"RT @ChhabraMaulik: Day 41 of #100daysofcode

Solved some Java problems on Hackerrank. Got 5‚≠êÔ∏èin the same. Though it was not hard enough to‚Ä¶"
2020-05-03 13:25:14,"RT @ChhabraMaulik: Day 41 of #100daysofcode

Solved some Java problems on Hackerrank. Got 5‚≠êÔ∏èin the same. Though it was not hard enough to‚Ä¶"
2020-05-03 13:25:09,"Day 41 of #100daysofcode

Solved some Java problems on Hackerrank. Got 5‚≠êÔ∏èin the same. Though it was not hard enoug‚Ä¶ https://t.co/e6Gzwuo7CG"
2020-05-02 18:27:02,"RT @PiyushVishnoi11: Day 112/301:done...#301DaysOfCode 
learnt about how to access remote repos in #maven #Java 
Stuck with Wireshark in #L‚Ä¶"
2020-05-02 18:24:05,"RT @PiyushVishnoi11: Day 112/301:done...#301DaysOfCode 
learnt about how to access remote repos in #maven #Java 
Stuck with Wireshark in #L‚Ä¶"
2020-05-02 18:23:53,"RT @PiyushVishnoi11: Day 112/301:done...#301DaysOfCode 
learnt about how to access remote repos in #maven #Java 
Stuck with Wireshark in #L‚Ä¶"
2020-05-02 18:23:53,"RT @PiyushVishnoi11: Day 112/301:done...#301DaysOfCode 
learnt about how to access remote repos in #maven #Java 
Stuck with Wireshark in #L‚Ä¶"
2020-05-02 18:23:53,"RT @PiyushVishnoi11: Day 112/301:done...#301DaysOfCode 
learnt about how to access remote repos in #maven #Java 
Stuck with Wireshark in #L‚Ä¶"
2020-05-02 18:23:53,"RT @PiyushVishnoi11: Day 112/301:done...#301DaysOfCode 
learnt about how to access remote repos in #maven #Java 
Stuck with Wireshark in #L‚Ä¶"
2020-05-02 18:23:48,"Day 112/301:done...#301DaysOfCode 
learnt about how to access remote repos in #maven #Java 
Stuck with Wireshark in‚Ä¶ https://t.co/0Z1KsD9nxg"
2020-05-02 18:10:41,"RT @JainSumyak: Day 109 of #301DaysOfCode 
To see my log file 
click
https://t.co/GkpTwa1p9l

#100DaysOfCode #DevOpsAtUPES #AWS #ApacheMave‚Ä¶"
2020-05-02 18:10:41,"RT @JainSumyak: Day 109 of #301DaysOfCode 
To see my log file 
click
https://t.co/GkpTwa1p9l

#100DaysOfCode #DevOpsAtUPES #AWS #ApacheMave‚Ä¶"
2020-05-02 18:10:35,"Day 109 of #301DaysOfCode 
To see my log file 
click
https://t.co/GkpTwa1p9l

#100DaysOfCode #DevOpsAtUPES #AWS‚Ä¶ https://t.co/flux0gFmnx"
2020-05-02 17:39:37,"RT @Hridyanshu_: Day 40: #100DaysOfCode 

- revised some String concepts in #Java and solved a problem.

#100DaysOfCodeatUPES
#DevOpsatUPES‚Ä¶"
2020-05-02 17:37:49,"RT @Hridyanshu_: Day 40: #100DaysOfCode 

- revised some String concepts in #Java and solved a problem.

#100DaysOfCodeatUPES
#DevOpsatUPES‚Ä¶"
2020-05-02 17:37:49,"RT @Hridyanshu_: Day 40: #100DaysOfCode 

- revised some String concepts in #Java and solved a problem.

#100DaysOfCodeatUPES
#DevOpsatUPES‚Ä¶"
2020-05-02 17:37:44,"Day 40: #100DaysOfCode 

- revised some String concepts in #Java and solved a problem.

#100DaysOfCodeatUPES‚Ä¶ https://t.co/45kb6q4rtG"
2020-05-02 16:57:51,"RT @shashwat9kumar: Day 27!! #100DaysOfCode

Solved problems related to #DataStructures and #Algorithms on @hackerrank 

Track my progress‚Ä¶"
2020-05-02 16:53:33,"RT @shashwat9kumar: Day 27!! #100DaysOfCode

Solved problems related to #DataStructures and #Algorithms on @hackerrank 

Track my progress‚Ä¶"
2020-05-02 16:53:28,"RT @shashwat9kumar: Day 27!! #100DaysOfCode

Solved problems related to #DataStructures and #Algorithms on @hackerrank 

Track my progress‚Ä¶"
2020-05-02 16:53:17,"RT @shashwat9kumar: Day 27!! #100DaysOfCode

Solved problems related to #DataStructures and #Algorithms on @hackerrank 

Track my progress‚Ä¶"
2020-05-02 16:53:09,"RT @shashwat9kumar: Day 27!! #100DaysOfCode

Solved problems related to #DataStructures and #Algorithms on @hackerrank 

Track my progress‚Ä¶"
2020-05-02 16:53:04,"Day 27!! #100DaysOfCode

Solved problems related to #DataStructures and #Algorithms on @hackerrank 

Track my progr‚Ä¶ https://t.co/j8PpR6UVDu"
2020-05-02 14:11:38,"RT @monit_kapoor: https://t.co/RngFjxGCy6
Can safely say, now with first batch of CSE DevOps,about to reach final year, we have done more t‚Ä¶"
2020-05-02 13:29:58,"RT @ChhabraMaulik: Day 40 of #100daysofcode

Revised Collections and solved some Java problems on Hackerrank.üíª

Here's the source code:
htt‚Ä¶"
2020-05-02 13:29:37,"RT @ChhabraMaulik: Day 40 of #100daysofcode

Revised Collections and solved some Java problems on Hackerrank.üíª

Here's the source code:
htt‚Ä¶"
2020-05-02 13:29:36,"RT @ChhabraMaulik: Day 40 of #100daysofcode

Revised Collections and solved some Java problems on Hackerrank.üíª

Here's the source code:
htt‚Ä¶"
2020-05-02 13:29:34,"RT @ChhabraMaulik: Day 40 of #100daysofcode

Revised Collections and solved some Java problems on Hackerrank.üíª

Here's the source code:
htt‚Ä¶"
2020-05-02 13:29:34,"RT @ChhabraMaulik: Day 40 of #100daysofcode

Revised Collections and solved some Java problems on Hackerrank.üíª

Here's the source code:
htt‚Ä¶"
2020-05-02 13:29:29,"Day 40 of #100daysofcode

Revised Collections and solved some Java problems on Hackerrank.üíª

Here's the source code‚Ä¶ https://t.co/2gbxrUd0O2"
2020-05-01 17:42:50,"https://t.co/RngFjxGCy6
Can safely say, now with first batch of CSE DevOps,about to reach final year, we have done‚Ä¶ https://t.co/34T4JKGz4S"
2020-05-01 17:09:06,"RT @Yashvis99284225: Day 84-86:Done....#100DaysOfCode
Learned few more tags of html and revised the cpp concepts
#Cpp  #github #DevOps #Lin‚Ä¶"
2020-05-01 17:04:46,"RT @shashwat9kumar: Day 26 #100DaysOfCode

Solved problems on @hackerrank  related to #algorithms 
and #Mathematics 

Check my progress at‚Ä¶"
2020-05-01 17:04:44,"RT @shashwat9kumar: Day 26 #100DaysOfCode

Solved problems on @hackerrank  related to #algorithms 
and #Mathematics 

Check my progress at‚Ä¶"
2020-05-01 17:04:40,"RT @shashwat9kumar: Day 26 #100DaysOfCode

Solved problems on @hackerrank  related to #algorithms 
and #Mathematics 

Check my progress at‚Ä¶"
2020-05-01 17:04:34,"RT @shashwat9kumar: Day 26 #100DaysOfCode

Solved problems on @hackerrank  related to #algorithms 
and #Mathematics 

Check my progress at‚Ä¶"
2020-05-01 17:03:56,"RT @shashwat9kumar: Day 26 #100DaysOfCode

Solved problems on @hackerrank  related to #algorithms 
and #Mathematics 

Check my progress at‚Ä¶"
2020-05-01 17:03:44,"RT @shashwat9kumar: Day 26 #100DaysOfCode

Solved problems on @hackerrank  related to #algorithms 
and #Mathematics 

Check my progress at‚Ä¶"
2020-05-01 17:03:39,"Day 26 #100DaysOfCode

Solved problems on @hackerrank  related to #algorithms 
and #Mathematics 

Check my progress‚Ä¶ https://t.co/S5HCBpnCzA"
2020-05-01 16:52:04,"RT @Yashvis99284225: Day 84-86:Done....#100DaysOfCode
Learned few more tags of html and revised the cpp concepts
#Cpp  #github #DevOps #Lin‚Ä¶"
2020-05-01 16:51:35,"RT @Yashvis99284225: Day 84-86:Done....#100DaysOfCode
Learned few more tags of html and revised the cpp concepts
#Cpp  #github #DevOps #Lin‚Ä¶"
2020-05-01 16:51:23,"RT @Yashvis99284225: Day 84-86:Done....#100DaysOfCode
Learned few more tags of html and revised the cpp concepts
#Cpp  #github #DevOps #Lin‚Ä¶"
2020-05-01 16:51:19,"RT @Yashvis99284225: Day 84-86:Done....#100DaysOfCode
Learned few more tags of html and revised the cpp concepts
#Cpp  #github #DevOps #Lin‚Ä¶"
2020-05-01 16:51:14,"Day 84-86:Done....#100DaysOfCode
Learned few more tags of html and revised the cpp concepts
#Cpp  #github #DevOps‚Ä¶ https://t.co/E2xrcHndni"
2020-05-01 15:12:05,"RT @Hridyanshu_: Day 38-39: #100DaysOfCode 
 
- continued with #Java 
- Studied about Servlets in Java and also coded some problems related‚Ä¶"
2020-05-01 15:09:53,"RT @Hridyanshu_: Day 38-39: #100DaysOfCode 
 
- continued with #Java 
- Studied about Servlets in Java and also coded some problems related‚Ä¶"
2020-05-01 15:05:58,"RT @Hridyanshu_: Day 38-39: #100DaysOfCode 
 
- continued with #Java 
- Studied about Servlets in Java and also coded some problems related‚Ä¶"
2020-05-01 15:05:56,"RT @Hridyanshu_: Day 38-39: #100DaysOfCode 
 
- continued with #Java 
- Studied about Servlets in Java and also coded some problems related‚Ä¶"
2020-05-01 15:05:56,"RT @Hridyanshu_: Day 38-39: #100DaysOfCode 
 
- continued with #Java 
- Studied about Servlets in Java and also coded some problems related‚Ä¶"
2020-05-01 15:05:52,"RT @Hridyanshu_: Day 38-39: #100DaysOfCode 
 
- continued with #Java 
- Studied about Servlets in Java and also coded some problems related‚Ä¶"
2020-05-01 15:05:52,"RT @Hridyanshu_: Day 38-39: #100DaysOfCode 
 
- continued with #Java 
- Studied about Servlets in Java and also coded some problems related‚Ä¶"
2020-05-01 15:05:47,"Day 38-39: #100DaysOfCode 
 
- continued with #Java 
- Studied about Servlets in Java and also coded some problems‚Ä¶ https://t.co/XOLn9ysZBP"
2020-05-01 14:05:01,"RT @ChhabraMaulik: Day 39 of #100daysofcode

Revised some servlet concepts and implemented some Wrapper class problems is Java‚òï.

#100DaysO‚Ä¶"
2020-05-01 14:04:15,"RT @ChhabraMaulik: Day 39 of #100daysofcode

Revised some servlet concepts and implemented some Wrapper class problems is Java‚òï.

#100DaysO‚Ä¶"
2020-05-01 14:04:15,"RT @ChhabraMaulik: Day 39 of #100daysofcode

Revised some servlet concepts and implemented some Wrapper class problems is Java‚òï.

#100DaysO‚Ä¶"
2020-05-01 14:04:10,"Day 39 of #100daysofcode

Revised some servlet concepts and implemented some Wrapper class problems is Java‚òï.‚Ä¶ https://t.co/DmA3BlwyIs"
2020-05-01 10:54:50,"RT @kudoabhijeet: D12,13 #100DaysOfML 
- Started with Hierarchical Clustering
- Implemented Density Based Clustering 
Next : Recommender Sy‚Ä¶"
2020-05-01 10:54:07,"RT @kudoabhijeet: D12,13 #100DaysOfML 
- Started with Hierarchical Clustering
- Implemented Density Based Clustering 
Next : Recommender Sy‚Ä¶"
2020-05-01 10:54:04,"RT @kudoabhijeet: D12,13 #100DaysOfML 
- Started with Hierarchical Clustering
- Implemented Density Based Clustering 
Next : Recommender Sy‚Ä¶"
2020-05-01 10:53:57,"RT @kudoabhijeet: D12,13 #100DaysOfML 
- Started with Hierarchical Clustering
- Implemented Density Based Clustering 
Next : Recommender Sy‚Ä¶"
2020-05-01 10:53:56,"RT @kudoabhijeet: D12,13 #100DaysOfML 
- Started with Hierarchical Clustering
- Implemented Density Based Clustering 
Next : Recommender Sy‚Ä¶"
2020-05-01 10:53:51,"D12,13 #100DaysOfML 
- Started with Hierarchical Clustering
- Implemented Density Based Clustering 
Next : Recommen‚Ä¶ https://t.co/z5P5qdj1qj"
2020-05-01 08:12:05,"RT @NishkarshRaj1: Day 295 #301DaysofCode üñ§
‚úÖ Introduction to Ansible
‚úÖ Ansible Playbooks
‚úÖ Ansible Roles
‚úÖ Ansible Tower

https://t.co/kxu‚Ä¶"
2020-05-01 07:09:20,"RT @NishkarshRaj1: Day 295 #301DaysofCode üñ§
‚úÖ Introduction to Ansible
‚úÖ Ansible Playbooks
‚úÖ Ansible Roles
‚úÖ Ansible Tower

https://t.co/kxu‚Ä¶"
2020-05-01 06:43:06,"RT @NishkarshRaj1: Day 295 #301DaysofCode üñ§
‚úÖ Introduction to Ansible
‚úÖ Ansible Playbooks
‚úÖ Ansible Roles
‚úÖ Ansible Tower

https://t.co/kxu‚Ä¶"
2020-05-01 06:43:05,"RT @NishkarshRaj1: Day 295 #301DaysofCode üñ§
‚úÖ Introduction to Ansible
‚úÖ Ansible Playbooks
‚úÖ Ansible Roles
‚úÖ Ansible Tower

https://t.co/kxu‚Ä¶"
2020-05-01 06:43:05,"RT @NishkarshRaj1: Day 295 #301DaysofCode üñ§
‚úÖ Introduction to Ansible
‚úÖ Ansible Playbooks
‚úÖ Ansible Roles
‚úÖ Ansible Tower

https://t.co/kxu‚Ä¶"
2020-05-01 06:42:59,"RT @NishkarshRaj1: Day 295 #301DaysofCode üñ§
‚úÖ Introduction to Ansible
‚úÖ Ansible Playbooks
‚úÖ Ansible Roles
‚úÖ Ansible Tower

https://t.co/kxu‚Ä¶"
2020-05-01 06:42:54,"Day 295 #301DaysofCode üñ§
‚úÖ Introduction to Ansible
‚úÖ Ansible Playbooks
‚úÖ Ansible Roles
‚úÖ Ansible Tower‚Ä¶ https://t.co/yFr8AaGPBb"
2020-05-01 01:59:58,"RT @JainSumyak: Day 107 of #301DaysOfCode 
To see my log file 
click
https://t.co/GkpTwa1p9l

#100DaysOfCode #DevOpsAtUPES #AWS #ApacheMave‚Ä¶"
2020-05-09 11:00:46,b'RT @Hridyanshu_: Day 46: #100DaysOfCode\n\n- continued with #Java. Revised some concepts of strings and wrapper classes.\n\n#100DaysOfCodeatUPE\xe2\x80\xa6'
2020-05-09 07:00:02,"b'RT @ChhabraMaulik: Day 46 of #100daysofcode\n\nWent ahead with Mongoose and Rest API, got to know the basic structure of http requests and re\xe2\x80\xa6'"
2020-05-09 06:57:04,"b'RT @ChhabraMaulik: Day 46 of #100daysofcode\n\nWent ahead with Mongoose and Rest API, got to know the basic structure of http requests and re\xe2\x80\xa6'"
2020-05-09 06:56:52,"b'RT @ChhabraMaulik: Day 46 of #100daysofcode\n\nWent ahead with Mongoose and Rest API, got to know the basic structure of http requests and re\xe2\x80\xa6'"
2020-05-09 06:56:46,"b'RT @ChhabraMaulik: Day 46 of #100daysofcode\n\nWent ahead with Mongoose and Rest API, got to know the basic structure of http requests and re\xe2\x80\xa6'"
2020-05-09 06:56:37,"b'RT @ChhabraMaulik: Day 46 of #100daysofcode\n\nWent ahead with Mongoose and Rest API, got to know the basic structure of http requests and re\xe2\x80\xa6'"
2020-05-09 00:25:27,b'RT @shashwat9kumar: Day 33 of #100DaysOfCode\n\nStudied about :\n#HTML5\n#CSS3 \n#BlockChain\n\nCheck my progress at : https://t.co/uHcdtZrcBH\n\n#1\xe2\x80\xa6'
2020-05-09 00:24:05,b'RT @shashwat9kumar: Day 33 of #100DaysOfCode\n\nStudied about :\n#HTML5\n#CSS3 \n#BlockChain\n\nCheck my progress at : https://t.co/uHcdtZrcBH\n\n#1\xe2\x80\xa6'
2020-05-09 00:23:52,b'RT @shashwat9kumar: Day 33 of #100DaysOfCode\n\nStudied about :\n#HTML5\n#CSS3 \n#BlockChain\n\nCheck my progress at : https://t.co/uHcdtZrcBH\n\n#1\xe2\x80\xa6'
2020-05-09 00:23:47,b'RT @shashwat9kumar: Day 33 of #100DaysOfCode\n\nStudied about :\n#HTML5\n#CSS3 \n#BlockChain\n\nCheck my progress at : https://t.co/uHcdtZrcBH\n\n#1\xe2\x80\xa6'
2020-05-09 00:23:44,b'RT @shashwat9kumar: Day 33 of #100DaysOfCode\n\nStudied about :\n#HTML5\n#CSS3 \n#BlockChain\n\nCheck my progress at : https://t.co/uHcdtZrcBH\n\n#1\xe2\x80\xa6'
2020-05-09 00:23:37,b'RT @shashwat9kumar: Day 33 of #100DaysOfCode\n\nStudied about :\n#HTML5\n#CSS3 \n#BlockChain\n\nCheck my progress at : https://t.co/uHcdtZrcBH\n\n#1\xe2\x80\xa6'
2020-05-08 22:52:01,"b'RT @ChhabraMaulik: Day 46 of #100daysofcode\n\nWent ahead with Mongoose and Rest API, got to know the basic structure of http requests and re\xe2\x80\xa6'"
2020-05-08 19:44:57,b'RT @JainSumyak: Day 115 of #301DaysOfCode \nCheck out my progress on \nhttps://t.co/GkpTwa1p9l\n\n#100DaysOfCode #DevOpsAtUPES #AWS #ApacheMave\xe2\x80\xa6'
2020-05-08 19:44:57,b'RT @JainSumyak: Day 115 of #301DaysOfCode \nCheck out my progress on \nhttps://t.co/GkpTwa1p9l\n\n#100DaysOfCode #DevOpsAtUPES #AWS #ApacheMave\xe2\x80\xa6'
2020-05-08 19:44:57,b'RT @JainSumyak: Day 115 of #301DaysOfCode \nCheck out my progress on \nhttps://t.co/GkpTwa1p9l\n\n#100DaysOfCode #DevOpsAtUPES #AWS #ApacheMave\xe2\x80\xa6'
2020-05-08 19:44:57,b'RT @JainSumyak: Day 115 of #301DaysOfCode \nCheck out my progress on \nhttps://t.co/GkpTwa1p9l\n\n#100DaysOfCode #DevOpsAtUPES #AWS #ApacheMave\xe2\x80\xa6'
2020-05-08 19:44:10,b'RT @JainSumyak: Day 115 of #301DaysOfCode \nCheck out my progress on \nhttps://t.co/GkpTwa1p9l\n\n#100DaysOfCode #DevOpsAtUPES #AWS #ApacheMave\xe2\x80\xa6'
2020-05-08 19:43:57,b'RT @JainSumyak: Day 115 of #301DaysOfCode \nCheck out my progress on \nhttps://t.co/GkpTwa1p9l\n\n#100DaysOfCode #DevOpsAtUPES #AWS #ApacheMave\xe2\x80\xa6'
2020-05-08 19:43:56,b'RT @JainSumyak: Day 115 of #301DaysOfCode \nCheck out my progress on \nhttps://t.co/GkpTwa1p9l\n\n#100DaysOfCode #DevOpsAtUPES #AWS #ApacheMave\xe2\x80\xa6'
2020-05-08 19:43:53,b'RT @JainSumyak: Day 115 of #301DaysOfCode \nCheck out my progress on \nhttps://t.co/GkpTwa1p9l\n\n#100DaysOfCode #DevOpsAtUPES #AWS #ApacheMave\xe2\x80\xa6'
2020-05-08 18:39:52,b'RT @RupaniKrishan: Day 45 of #100DaysOfCode\n#10DaysofJS\nDay 0: completed.\nlearned stdin and stdout in js\nand learned about data structures\xe2\x80\xa6'
2020-05-08 18:38:36,b'RT @RupaniKrishan: Day 45 of #100DaysOfCode\n#10DaysofJS\nDay 0: completed.\nlearned stdin and stdout in js\nand learned about data structures\xe2\x80\xa6'
2020-05-08 18:38:31,b'Day 45 of #100DaysOfCode\n#10DaysofJS\nDay 0: completed.\nlearned stdin and stdout in js\nand learned about data struct\xe2\x80\xa6 https://t.co/cCHow3pvjl'
2020-05-08 18:34:59,b'RT @RupaniKrishan: Day 44 of #100DaysOfCode\nPlayed around with some HTML codes\n#100daysofcodeatUPES\n#DevOpsatUPES'
2020-05-08 18:34:53,b'RT @RupaniKrishan: Day 44 of #100DaysOfCode\nPlayed around with some HTML codes\n#100daysofcodeatUPES\n#DevOpsatUPES'
2020-05-08 18:34:52,b'RT @RupaniKrishan: Day 44 of #100DaysOfCode\nPlayed around with some HTML codes\n#100daysofcodeatUPES\n#DevOpsatUPES'
2020-05-08 18:34:41,b'RT @RupaniKrishan: Day 44 of #100DaysOfCode\nPlayed around with some HTML codes\n#100daysofcodeatUPES\n#DevOpsatUPES'
2020-05-08 18:34:36,b'Day 44 of #100DaysOfCode\nPlayed around with some HTML codes\n#100daysofcodeatUPES\n#DevOpsatUPES'
2020-05-08 17:49:39,b'RT @JainSumyak: Day 115 of #301DaysOfCode \nCheck out my progress on \nhttps://t.co/GkpTwa1p9l\n\n#100DaysOfCode #DevOpsAtUPES #AWS #ApacheMave\xe2\x80\xa6'
2020-05-08 17:49:33,b'Day 115 of #301DaysOfCode \nCheck out my progress on \nhttps://t.co/GkpTwa1p9l\n\n#100DaysOfCode #DevOpsAtUPES #AWS\xe2\x80\xa6 https://t.co/ruEbieMJHv'
2020-05-08 17:19:06,b'RT @shashwat9kumar: Day 33 of #100DaysOfCode\n\nStudied about :\n#HTML5\n#CSS3 \n#BlockChain\n\nCheck my progress at : https://t.co/uHcdtZrcBH\n\n#1\xe2\x80\xa6'
2020-05-08 17:19:06,b'RT @shashwat9kumar: Day 33 of #100DaysOfCode\n\nStudied about :\n#HTML5\n#CSS3 \n#BlockChain\n\nCheck my progress at : https://t.co/uHcdtZrcBH\n\n#1\xe2\x80\xa6'
2020-05-08 17:19:01,b'Day 33 of #100DaysOfCode\n\nStudied about :\n#HTML5\n#CSS3 \n#BlockChain\n\nCheck my progress at : https://t.co/uHcdtZrcBH\xe2\x80\xa6 https://t.co/sVwxO1CE7j'
2020-05-08 16:30:56,"b'RT @ChhabraMaulik: Day 46 of #100daysofcode\n\nWent ahead with Mongoose and Rest API, got to know the basic structure of http requests and re\xe2\x80\xa6'"
2020-05-08 16:02:01,b'RT @Hridyanshu_: Day 46: #100DaysOfCode\n\n- continued with #Java. Revised some concepts of strings and wrapper classes.\n\n#100DaysOfCodeatUPE\xe2\x80\xa6'
2020-05-08 16:01:53,b'RT @Hridyanshu_: Day 46: #100DaysOfCode\n\n- continued with #Java. Revised some concepts of strings and wrapper classes.\n\n#100DaysOfCodeatUPE\xe2\x80\xa6'
2020-05-08 16:01:48,b'Day 46: #100DaysOfCode\n\n- continued with #Java. Revised some concepts of strings and wrapper classes.\n\n#100DaysOfCodeatUPES\n#DevOpsatUPES'
2020-05-08 15:51:51,"b'RT @ChhabraMaulik: Day 46 of #100daysofcode\n\nWent ahead with Mongoose and Rest API, got to know the basic structure of http requests and re\xe2\x80\xa6'"
2020-05-08 15:51:45,"b'RT @ChhabraMaulik: Day 46 of #100daysofcode\n\nWent ahead with Mongoose and Rest API, got to know the basic structure of http requests and re\xe2\x80\xa6'"
2020-05-08 15:51:43,"b'RT @ChhabraMaulik: Day 46 of #100daysofcode\n\nWent ahead with Mongoose and Rest API, got to know the basic structure of http requests and re\xe2\x80\xa6'"
2020-05-08 15:51:34,"b'RT @ChhabraMaulik: Day 46 of #100daysofcode\n\nWent ahead with Mongoose and Rest API, got to know the basic structure of http requests and re\xe2\x80\xa6'"
2020-05-08 15:51:34,"b'RT @ChhabraMaulik: Day 46 of #100daysofcode\n\nWent ahead with Mongoose and Rest API, got to know the basic structure of http requests and re\xe2\x80\xa6'"
2020-05-08 15:51:29,"b'Day 46 of #100daysofcode\n\nWent ahead with Mongoose and Rest API, got to know the basic structure of http requests a\xe2\x80\xa6 https://t.co/kUN1U0WCnt'"
2020-05-08 02:25:02,b'RT @ChhabraMaulik: Day 45 of #100daysofcode\n\nStarted learned about Rest API and Mongoose in Node JS tutorial.\n\n#100DaysOfCodeAtUPES\n#DevOps\xe2\x80\xa6'
2020-05-08 02:22:06,b'RT @ChhabraMaulik: Day 45 of #100daysofcode\n\nStarted learned about Rest API and Mongoose in Node JS tutorial.\n\n#100DaysOfCodeAtUPES\n#DevOps\xe2\x80\xa6'
2020-05-08 00:12:14,b'RT @shashwat9kumar: Day 32 of #100DaysOfCode\n\nStudied about #SmartContracts and #solidity in #blockchain\nAlso solved #Java problems on @Hac\xe2\x80\xa6'
2020-05-07 23:58:19,b'RT @shashwat9kumar: Day 32 of #100DaysOfCode\n\nStudied about #SmartContracts and #solidity in #blockchain\nAlso solved #Java problems on @Hac\xe2\x80\xa6'
2020-05-07 18:41:35,b'RT @Yashvis99284225: Day 91-92:Done....#100DaysOfCode\nLearned about Min and Max heap tree and revised the Avl tree  #Cpp  #github #DevOps #\xe2\x80\xa6'
2020-05-07 18:41:05,b'RT @Yashvis99284225: Day 91-92:Done....#100DaysOfCode\nLearned about Min and Max heap tree and revised the Avl tree  #Cpp  #github #DevOps #\xe2\x80\xa6'
2020-05-07 18:40:22,b'RT @Yashvis99284225: Day 91-92:Done....#100DaysOfCode\nLearned about Min and Max heap tree and revised the Avl tree  #Cpp  #github #DevOps #\xe2\x80\xa6'
2020-05-07 18:40:17,b'Day 91-92:Done....#100DaysOfCode\nLearned about Min and Max heap tree and revised the Avl tree  #Cpp  #github\xe2\x80\xa6 https://t.co/CAdzWCp1pz'
2020-05-07 18:29:21,b'RT @Hridyanshu_: Day 45: #100DaysOfCode \n\n-Studied a bit about JSP and created a few JSP files.\n\n#100DaysOfCodeatUPES \n#DevOpsatUPES'
2020-05-07 18:29:16,b'RT @Hridyanshu_: Day 45: #100DaysOfCode \n\n-Studied a bit about JSP and created a few JSP files.\n\n#100DaysOfCodeatUPES \n#DevOpsatUPES'
2020-05-07 18:29:11,b'RT @Hridyanshu_: Day 45: #100DaysOfCode \n\n-Studied a bit about JSP and created a few JSP files.\n\n#100DaysOfCodeatUPES \n#DevOpsatUPES'
2020-05-07 18:29:06,b'Day 45: #100DaysOfCode \n\n-Studied a bit about JSP and created a few JSP files.\n\n#100DaysOfCodeatUPES \n#DevOpsatUPES'
2020-05-07 18:20:20,b'RT @IngitSinghal: Day 98 #100DaysOfCode #100DaysOfCodeatUpes\n~~Completed with the ATM management project\nSome styling is still left.\nPartne\xe2\x80\xa6'
2020-05-07 18:20:15,b'RT @IngitSinghal: Day 98 #100DaysOfCode #100DaysOfCodeatUpes\n~~Completed with the ATM management project\nSome styling is still left.\nPartne\xe2\x80\xa6'
2020-05-07 18:20:11,b'RT @IngitSinghal: Day 98 #100DaysOfCode #100DaysOfCodeatUpes\n~~Completed with the ATM management project\nSome styling is still left.\nPartne\xe2\x80\xa6'
2020-05-07 18:20:06,b'Day 98 #100DaysOfCode #100DaysOfCodeatUpes\n~~Completed with the ATM management project\nSome styling is still left.\xe2\x80\xa6 https://t.co/5OasgA0B7G'
2020-05-07 18:19:00,b'RT @JainSumyak: Day 114  of #301DaysOfCode \nCheck out my progress on \nhttps://t.co/GkpTwa1p9l\n\n#100DaysOfCode #DevOpsAtUPES #AWS #ApacheMav\xe2\x80\xa6'
2020-05-07 18:18:55,b'Day 114  of #301DaysOfCode \nCheck out my progress on \nhttps://t.co/GkpTwa1p9l\n\n#100DaysOfCode #DevOpsAtUPES #AWS\xe2\x80\xa6 https://t.co/F3W6Ce05hX'
2020-05-07 17:00:09,b'RT @shashwat9kumar: Day 32 of #100DaysOfCode\n\nStudied about #SmartContracts and #solidity in #blockchain\nAlso solved #Java problems on @Hac\xe2\x80\xa6'
2020-05-07 17:00:09,b'RT @shashwat9kumar: Day 32 of #100DaysOfCode\n\nStudied about #SmartContracts and #solidity in #blockchain\nAlso solved #Java problems on @Hac\xe2\x80\xa6'
2020-05-07 17:00:06,b'RT @shashwat9kumar: Day 32 of #100DaysOfCode\n\nStudied about #SmartContracts and #solidity in #blockchain\nAlso solved #Java problems on @Hac\xe2\x80\xa6'
2020-05-07 17:00:03,b'Day 32 of #100DaysOfCode\n\nStudied about #SmartContracts and #solidity in #blockchain\nAlso solved #Java problems on\xe2\x80\xa6 https://t.co/WM48sPvbbG'
2020-05-07 16:44:29,b'RT @ChhabraMaulik: Day 45 of #100daysofcode\n\nStarted learned about Rest API and Mongoose in Node JS tutorial.\n\n#100DaysOfCodeAtUPES\n#DevOps\xe2\x80\xa6'
2020-05-07 16:44:15,b'RT @ChhabraMaulik: Day 45 of #100daysofcode\n\nStarted learned about Rest API and Mongoose in Node JS tutorial.\n\n#100DaysOfCodeAtUPES\n#DevOps\xe2\x80\xa6'
2020-05-07 16:44:10,b'RT @ChhabraMaulik: Day 45 of #100daysofcode\n\nStarted learned about Rest API and Mongoose in Node JS tutorial.\n\n#100DaysOfCodeAtUPES\n#DevOps\xe2\x80\xa6'
2020-05-07 16:44:06,b'RT @ChhabraMaulik: Day 45 of #100daysofcode\n\nStarted learned about Rest API and Mongoose in Node JS tutorial.\n\n#100DaysOfCodeAtUPES\n#DevOps\xe2\x80\xa6'
2020-05-07 16:44:06,b'RT @ChhabraMaulik: Day 45 of #100daysofcode\n\nStarted learned about Rest API and Mongoose in Node JS tutorial.\n\n#100DaysOfCodeAtUPES\n#DevOps\xe2\x80\xa6'
2020-05-07 16:44:06,b'RT @ChhabraMaulik: Day 45 of #100daysofcode\n\nStarted learned about Rest API and Mongoose in Node JS tutorial.\n\n#100DaysOfCodeAtUPES\n#DevOps\xe2\x80\xa6'
2020-05-07 16:44:06,b'RT @ChhabraMaulik: Day 45 of #100daysofcode\n\nStarted learned about Rest API and Mongoose in Node JS tutorial.\n\n#100DaysOfCodeAtUPES\n#DevOps\xe2\x80\xa6'
2020-05-07 16:44:01,b'Day 45 of #100daysofcode\n\nStarted learned about Rest API and Mongoose in Node JS tutorial.\n\n#100DaysOfCodeAtUPES\n#DevOpsAtUPES #Nodejs'
2020-05-07 14:41:39,"b""RT @kudoabhijeet: D15-D20 #100DaysOfML\nI am brushing up my #Mathematics for #MachineLearning this week. It's an essential prerequisite whil\xe2\x80\xa6"""
2020-05-07 14:41:39,"b""RT @kudoabhijeet: D15-D20 #100DaysOfML\nI am brushing up my #Mathematics for #MachineLearning this week. It's an essential prerequisite whil\xe2\x80\xa6"""
2020-05-07 14:41:39,"b""RT @kudoabhijeet: D15-D20 #100DaysOfML\nI am brushing up my #Mathematics for #MachineLearning this week. It's an essential prerequisite whil\xe2\x80\xa6"""
2020-05-07 14:41:34,"b""D15-D20 #100DaysOfML\nI am brushing up my #Mathematics for #MachineLearning this week. It's an essential prerequisit\xe2\x80\xa6 https://t.co/wa9QLAb8Bu"""
2020-05-06 18:06:51,b'RT @JainSumyak: Day 113  of #301DaysOfCode \nCheck out my progress on \nhttps://t.co/GkpTwa1p9l\n\n#100DaysOfCode #DevOpsAtUPES #AWS #ApacheMav\xe2\x80\xa6'
2020-05-06 18:04:53,b'RT @JainSumyak: Day 113  of #301DaysOfCode \nCheck out my progress on \nhttps://t.co/GkpTwa1p9l\n\n#100DaysOfCode #DevOpsAtUPES #AWS #ApacheMav\xe2\x80\xa6'
2020-05-06 18:04:48,b'RT @JainSumyak: Day 113  of #301DaysOfCode \nCheck out my progress on \nhttps://t.co/GkpTwa1p9l\n\n#100DaysOfCode #DevOpsAtUPES #AWS #ApacheMav\xe2\x80\xa6'
2020-05-06 18:04:45,b'RT @JainSumyak: Day 113  of #301DaysOfCode \nCheck out my progress on \nhttps://t.co/GkpTwa1p9l\n\n#100DaysOfCode #DevOpsAtUPES #AWS #ApacheMav\xe2\x80\xa6'
2020-05-06 18:04:43,b'Day 113  of #301DaysOfCode \nCheck out my progress on \nhttps://t.co/GkpTwa1p9l\n\n#100DaysOfCode #DevOpsAtUPES #AWS\xe2\x80\xa6 https://t.co/qNs2CYo6Al'
2020-05-06 17:30:22,b'Check out my first article on @LinkedIn:\n \nDevOps people must check it out.\n#devops #jenkins #docker #git #github\xe2\x80\xa6 https://t.co/s4F4G2qWV0'
2020-05-06 17:22:03,"b'RT @RupaniKrishan: Day 38-43 of #100DaysOfCode\nDid some programming in java. Some codes on Strings, Inheritance, Data Structures, and some\xe2\x80\xa6'"
2020-05-06 17:22:03,"b'RT @RupaniKrishan: Day 38-43 of #100DaysOfCode\nDid some programming in java. Some codes on Strings, Inheritance, Data Structures, and some\xe2\x80\xa6'"
2020-05-06 17:21:58,"b'Day 38-43 of #100DaysOfCode\nDid some programming in java. Some codes on Strings, Inheritance, Data Structures, and\xe2\x80\xa6 https://t.co/tOJ5qRfsg3'"
2020-05-06 16:27:27,b'RT @shashwat9kumar: Day 31 #100DaysOfCode\n\nStudied about #blockchain \nTried implementing blockchain in #Java \nStudied about #Cryptography #\xe2\x80\xa6'
2020-05-06 16:25:18,b'RT @shashwat9kumar: Day 31 #100DaysOfCode\n\nStudied about #blockchain \nTried implementing blockchain in #Java \nStudied about #Cryptography #\xe2\x80\xa6'
2020-05-06 16:25:18,b'RT @shashwat9kumar: Day 31 #100DaysOfCode\n\nStudied about #blockchain \nTried implementing blockchain in #Java \nStudied about #Cryptography #\xe2\x80\xa6'
2020-05-06 16:25:17,b'RT @shashwat9kumar: Day 31 #100DaysOfCode\n\nStudied about #blockchain \nTried implementing blockchain in #Java \nStudied about #Cryptography #\xe2\x80\xa6'
2020-05-06 16:25:12,b'Day 31 #100DaysOfCode\n\nStudied about #blockchain \nTried implementing blockchain in #Java \nStudied about\xe2\x80\xa6 https://t.co/vqBUVFOXdl'
2020-05-06 15:51:51,b'RT @ChhabraMaulik: Day 44 of #100daysofcode\n\nLearned the difference between callback function and promises.\nAlso got to know some methods\xe2\x80\xa6'
2020-05-06 15:51:51,b'RT @ChhabraMaulik: Day 44 of #100daysofcode\n\nLearned the difference between callback function and promises.\nAlso got to know some methods\xe2\x80\xa6'
2020-05-06 15:49:06,b'RT @ChhabraMaulik: Day 44 of #100daysofcode\n\nLearned the difference between callback function and promises.\nAlso got to know some methods\xe2\x80\xa6'
2020-05-06 15:48:58,b'RT @ChhabraMaulik: Day 44 of #100daysofcode\n\nLearned the difference between callback function and promises.\nAlso got to know some methods\xe2\x80\xa6'
2020-05-06 15:48:37,b'RT @ChhabraMaulik: Day 44 of #100daysofcode\n\nLearned the difference between callback function and promises.\nAlso got to know some methods\xe2\x80\xa6'
2020-05-06 15:16:36,b'RT @Hridyanshu_: Day 44: #100DaysOfCode\n\n- Revised Servlets in #Java\n- Also revised some basics of HTML and CSS.\n\n#100DaysOfCodeatUPES\n#Dev\xe2\x80\xa6'
2020-05-06 15:12:24,b'RT @Hridyanshu_: Day 44: #100DaysOfCode\n\n- Revised Servlets in #Java\n- Also revised some basics of HTML and CSS.\n\n#100DaysOfCodeatUPES\n#Dev\xe2\x80\xa6'
2020-05-06 15:12:21,b'RT @Hridyanshu_: Day 44: #100DaysOfCode\n\n- Revised Servlets in #Java\n- Also revised some basics of HTML and CSS.\n\n#100DaysOfCodeatUPES\n#Dev\xe2\x80\xa6'
2020-05-06 15:12:20,b'RT @Hridyanshu_: Day 44: #100DaysOfCode\n\n- Revised Servlets in #Java\n- Also revised some basics of HTML and CSS.\n\n#100DaysOfCodeatUPES\n#Dev\xe2\x80\xa6'
2020-05-06 15:12:18,b'RT @Hridyanshu_: Day 44: #100DaysOfCode\n\n- Revised Servlets in #Java\n- Also revised some basics of HTML and CSS.\n\n#100DaysOfCodeatUPES\n#Dev\xe2\x80\xa6'
2020-05-06 15:12:16,b'RT @Hridyanshu_: Day 44: #100DaysOfCode\n\n- Revised Servlets in #Java\n- Also revised some basics of HTML and CSS.\n\n#100DaysOfCodeatUPES\n#Dev\xe2\x80\xa6'
2020-05-06 15:12:13,b'Day 44: #100DaysOfCode\n\n- Revised Servlets in #Java\n- Also revised some basics of HTML and CSS.\n\n#100DaysOfCodeatUPES\n#DevOpsatUPES'
2020-05-06 14:53:08,b'RT @IngitSinghal: Day 97 #100DaysOfCode #100DaysOfCodeatUPES\n\n&gt;Continued with the ATM management project with\n@Hridyanshu_ @Jatin_uppal89\xe2\x80\xa6'
2020-05-06 14:53:04,b'RT @IngitSinghal: Day 97 #100DaysOfCode #100DaysOfCodeatUPES\n\n&gt;Continued with the ATM management project with\n@Hridyanshu_ @Jatin_uppal89\xe2\x80\xa6'
2020-05-06 14:53:04,b'RT @IngitSinghal: Day 97 #100DaysOfCode #100DaysOfCodeatUPES\n\n&gt;Continued with the ATM management project with\n@Hridyanshu_ @Jatin_uppal89\xe2\x80\xa6'
2020-05-06 14:53:03,b'RT @IngitSinghal: Day 97 #100DaysOfCode #100DaysOfCodeatUPES\n\n&gt;Continued with the ATM management project with\n@Hridyanshu_ @Jatin_uppal89\xe2\x80\xa6'
2020-05-06 14:52:58,b'Day 97 #100DaysOfCode #100DaysOfCodeatUPES\n\n&gt;Continued with the ATM management project with\n@Hridyanshu_\xe2\x80\xa6 https://t.co/SB5lVREGRb'
2020-05-06 14:41:29,b'RT @ChhabraMaulik: Day 44 of #100daysofcode\n\nLearned the difference between callback function and promises.\nAlso got to know some methods\xe2\x80\xa6'
2020-05-06 14:41:29,b'RT @ChhabraMaulik: Day 44 of #100daysofcode\n\nLearned the difference between callback function and promises.\nAlso got to know some methods\xe2\x80\xa6'
2020-05-06 14:41:23,b'Day 44 of #100daysofcode\n\nLearned the difference between callback function and promises.\nAlso got to know some meth\xe2\x80\xa6 https://t.co/8NLVrKAV2J'
2020-05-05 18:45:31,b'RT @Hridyanshu_: Day 43: #100DaysOfCode\n\n-revised exception handling in #Java and coded a few problems for the same.\n\n#100DaysOfCodeatUPES\xe2\x80\xa6'
2020-05-05 18:45:31,b'RT @Hridyanshu_: Day 43: #100DaysOfCode\n\n-revised exception handling in #Java and coded a few problems for the same.\n\n#100DaysOfCodeatUPES\xe2\x80\xa6'
2020-05-05 18:45:31,b'RT @Hridyanshu_: Day 43: #100DaysOfCode\n\n-revised exception handling in #Java and coded a few problems for the same.\n\n#100DaysOfCodeatUPES\xe2\x80\xa6'
2020-05-05 18:41:26,b'RT @Hridyanshu_: Day 43: #100DaysOfCode\n\n-revised exception handling in #Java and coded a few problems for the same.\n\n#100DaysOfCodeatUPES\xe2\x80\xa6'
2020-05-05 18:41:23,b'RT @Hridyanshu_: Day 43: #100DaysOfCode\n\n-revised exception handling in #Java and coded a few problems for the same.\n\n#100DaysOfCodeatUPES\xe2\x80\xa6'
2020-05-05 18:41:17,b'Day 43: #100DaysOfCode\n\n-revised exception handling in #Java and coded a few problems for the same.\n\n#100DaysOfCodeatUPES\n#DevOpsatUPES'
2020-05-05 18:20:26,"b'RT @IngitSinghal: Day 93-96 #100DaysOfCode #100DaysOfCodeatUpes\n\n&gt;Practiced java programs on\n  JDBC , Servlets , JSP \n\n#DevOpsatUPES #Java\xe2\x80\xa6'"
2020-05-05 18:20:21,"b'Day 93-96 #100DaysOfCode #100DaysOfCodeatUpes\n\n&gt;Practiced java programs on\n  JDBC , Servlets , JSP \n\n#DevOpsatUPES #Java #coding'"
2020-05-05 17:05:31,b'RT @shashwat9kumar: Day 30 #100DaysOfCode \n\nStudied #HTML5\nSolved problems on #Hackerrank \n\nTrack my progress at : https://t.co/uHcdtZrcBH\xe2\x80\xa6'
2020-05-05 17:05:20,b'RT @shashwat9kumar: Day 30 #100DaysOfCode \n\nStudied #HTML5\nSolved problems on #Hackerrank \n\nTrack my progress at : https://t.co/uHcdtZrcBH\xe2\x80\xa6'
2020-05-05 17:00:30,b'RT @shashwat9kumar: Day 30 #100DaysOfCode \n\nStudied #HTML5\nSolved problems on #Hackerrank \n\nTrack my progress at : https://t.co/uHcdtZrcBH\xe2\x80\xa6'
2020-05-05 17:00:30,b'RT @shashwat9kumar: Day 30 #100DaysOfCode \n\nStudied #HTML5\nSolved problems on #Hackerrank \n\nTrack my progress at : https://t.co/uHcdtZrcBH\xe2\x80\xa6'
2020-05-05 17:00:30,b'RT @shashwat9kumar: Day 30 #100DaysOfCode \n\nStudied #HTML5\nSolved problems on #Hackerrank \n\nTrack my progress at : https://t.co/uHcdtZrcBH\xe2\x80\xa6'
2020-05-05 17:00:30,b'RT @shashwat9kumar: Day 30 #100DaysOfCode \n\nStudied #HTML5\nSolved problems on #Hackerrank \n\nTrack my progress at : https://t.co/uHcdtZrcBH\xe2\x80\xa6'
2020-05-05 17:00:16,b'RT @shashwat9kumar: Day 30 #100DaysOfCode \n\nStudied #HTML5\nSolved problems on #Hackerrank \n\nTrack my progress at : https://t.co/uHcdtZrcBH\xe2\x80\xa6'
2020-05-05 16:59:41,b'RT @shashwat9kumar: Day 30 #100DaysOfCode \n\nStudied #HTML5\nSolved problems on #Hackerrank \n\nTrack my progress at : https://t.co/uHcdtZrcBH\xe2\x80\xa6'
2020-05-05 16:59:36,b'RT @shashwat9kumar: Day 30 #100DaysOfCode \n\nStudied #HTML5\nSolved problems on #Hackerrank \n\nTrack my progress at : https://t.co/uHcdtZrcBH\xe2\x80\xa6'
2020-05-05 16:59:31,b'Day 30 #100DaysOfCode \n\nStudied #HTML5\nSolved problems on #Hackerrank \n\nTrack my progress at :\xe2\x80\xa6 https://t.co/5s0Ps6VODQ'
2020-05-05 16:35:18,b'RT @ChhabraMaulik: Day 43 of #100daysofcode\n\nTried some Java problems today and revised NodeJS concepts.\n\n#100DaysOfCodeAtUPES\n#DevOpsAtUPE\xe2\x80\xa6'
2020-05-05 16:20:59,b'RT @ChhabraMaulik: Day 43 of #100daysofcode\n\nTried some Java problems today and revised NodeJS concepts.\n\n#100DaysOfCodeAtUPES\n#DevOpsAtUPE\xe2\x80\xa6'
2020-05-05 16:20:52,b'RT @ChhabraMaulik: Day 43 of #100daysofcode\n\nTried some Java problems today and revised NodeJS concepts.\n\n#100DaysOfCodeAtUPES\n#DevOpsAtUPE\xe2\x80\xa6'
2020-05-05 16:20:11,b'RT @ChhabraMaulik: Day 43 of #100daysofcode\n\nTried some Java problems today and revised NodeJS concepts.\n\n#100DaysOfCodeAtUPES\n#DevOpsAtUPE\xe2\x80\xa6'
2020-05-05 16:19:58,b'Day 43 of #100daysofcode\n\nTried some Java problems today and revised NodeJS concepts.\n\n#100DaysOfCodeAtUPES\n#DevOpsAtUPES #java #nodejs'
2020-05-04 18:36:47,b'RT @Hridyanshu_: Day 42: #100DaysOfCode \n\n- Revised some concepts in #Java and applied them.\n\n#100DaysOfCodeatUPES \n#DevOpsatUPES'
2020-05-04 18:36:47,b'RT @Hridyanshu_: Day 42: #100DaysOfCode \n\n- Revised some concepts in #Java and applied them.\n\n#100DaysOfCodeatUPES \n#DevOpsatUPES'
2020-05-04 18:36:42,b'Day 42: #100DaysOfCode \n\n- Revised some concepts in #Java and applied them.\n\n#100DaysOfCodeatUPES \n#DevOpsatUPES'
2020-05-04 18:33:01,"b'RT @Yashvis99284225: Day 90:Done....#100DaysOfCode\nMaking a web page using html and css concepts ,Work in progress hope to complete it soon\xe2\x80\xa6'"
2020-05-04 18:31:19,"b'RT @Yashvis99284225: Day 90:Done....#100DaysOfCode\nMaking a web page using html and css concepts ,Work in progress hope to complete it soon\xe2\x80\xa6'"
2020-05-04 18:31:15,"b'RT @Yashvis99284225: Day 90:Done....#100DaysOfCode\nMaking a web page using html and css concepts ,Work in progress hope to complete it soon\xe2\x80\xa6'"
2020-05-04 18:31:06,"b'RT @Yashvis99284225: Day 90:Done....#100DaysOfCode\nMaking a web page using html and css concepts ,Work in progress hope to complete it soon\xe2\x80\xa6'"
2020-05-04 18:31:03,"b'RT @Yashvis99284225: Day 90:Done....#100DaysOfCode\nMaking a web page using html and css concepts ,Work in progress hope to complete it soon\xe2\x80\xa6'"
2020-05-04 18:30:46,"b'RT @Yashvis99284225: Day 90:Done....#100DaysOfCode\nMaking a web page using html and css concepts ,Work in progress hope to complete it soon\xe2\x80\xa6'"
2020-05-04 18:30:46,"b'RT @Yashvis99284225: Day 90:Done....#100DaysOfCode\nMaking a web page using html and css concepts ,Work in progress hope to complete it soon\xe2\x80\xa6'"
2020-05-04 18:30:41,"b'Day 90:Done....#100DaysOfCode\nMaking a web page using html and css concepts ,Work in progress hope to complete it s\xe2\x80\xa6 https://t.co/CJakxjbyJ2'"
2020-05-04 18:11:53,b'RT @JainSumyak: Day 110-111  of #301DaysOfCode \nCheck out my progress on \nhttps://t.co/GkpTw9JOhN\n\n#100DaysOfCode #DevOpsAtUPES #AWS #Apach\xe2\x80\xa6'
2020-05-04 18:11:48,b'RT @JainSumyak: Day 110-111  of #301DaysOfCode \nCheck out my progress on \nhttps://t.co/GkpTw9JOhN\n\n#100DaysOfCode #DevOpsAtUPES #AWS #Apach\xe2\x80\xa6'
2020-05-04 18:11:47,b'RT @JainSumyak: Day 110-111  of #301DaysOfCode \nCheck out my progress on \nhttps://t.co/GkpTw9JOhN\n\n#100DaysOfCode #DevOpsAtUPES #AWS #Apach\xe2\x80\xa6'
2020-05-04 18:11:42,b'Day 110-111  of #301DaysOfCode \nCheck out my progress on \nhttps://t.co/GkpTw9JOhN\n\n#100DaysOfCode #DevOpsAtUPES\xe2\x80\xa6 https://t.co/2JlpylBlhl'
2020-05-04 17:15:06,b'RT @shashwat9kumar: Day 29 #100DaysOfCode \n\nSovled problems on @codechef for May 2020 challenge.\n\nAlso studied about Servlets and JSP in #J\xe2\x80\xa6'
2020-05-04 17:14:55,b'RT @shashwat9kumar: Day 29 #100DaysOfCode \n\nSovled problems on @codechef for May 2020 challenge.\n\nAlso studied about Servlets and JSP in #J\xe2\x80\xa6'
2020-05-04 17:14:49,b'RT @shashwat9kumar: Day 29 #100DaysOfCode \n\nSovled problems on @codechef for May 2020 challenge.\n\nAlso studied about Servlets and JSP in #J\xe2\x80\xa6'
2020-05-04 17:14:49,b'RT @shashwat9kumar: Day 29 #100DaysOfCode \n\nSovled problems on @codechef for May 2020 challenge.\n\nAlso studied about Servlets and JSP in #J\xe2\x80\xa6'
2020-05-04 17:14:44,b'Day 29 #100DaysOfCode \n\nSovled problems on @codechef for May 2020 challenge.\n\nAlso studied about Servlets and JSP i\xe2\x80\xa6 https://t.co/tRfc07YiZl'
2020-05-04 12:56:40,"b'RT @ChhabraMaulik: Day 42 of #100daysofcode\n\n- Learned the difference between SQL and NoSQL databases, did setup MongoDB for learning more\xe2\x80\xa6'"
2020-05-04 12:56:32,"b'RT @ChhabraMaulik: Day 42 of #100daysofcode\n\n- Learned the difference between SQL and NoSQL databases, did setup MongoDB for learning more\xe2\x80\xa6'"
2020-05-04 12:46:20,"b'RT @ChhabraMaulik: Day 42 of #100daysofcode\n\n- Learned the difference between SQL and NoSQL databases, did setup MongoDB for learning more\xe2\x80\xa6'"
2020-05-04 12:46:15,"b'RT @ChhabraMaulik: Day 42 of #100daysofcode\n\n- Learned the difference between SQL and NoSQL databases, did setup MongoDB for learning more\xe2\x80\xa6'"
2020-05-04 12:46:08,"b'RT @ChhabraMaulik: Day 42 of #100daysofcode\n\n- Learned the difference between SQL and NoSQL databases, did setup MongoDB for learning more\xe2\x80\xa6'"
2020-05-04 12:46:07,"b'RT @ChhabraMaulik: Day 42 of #100daysofcode\n\n- Learned the difference between SQL and NoSQL databases, did setup MongoDB for learning more\xe2\x80\xa6'"
2020-05-04 12:46:02,"b'Day 42 of #100daysofcode\n\n- Learned the difference between SQL and NoSQL databases, did setup MongoDB for learning\xe2\x80\xa6 https://t.co/r8EqeM3lK8'"
2020-05-03 17:46:10,b'RT @Hridyanshu_: Day 41: #100DaysOfCode \n\n- Solved problem on #Hackerrank\n\n#100DaysOfCodeatUPES\n#DevOpsatUPES\n\nhttps://t.co/iouSaKVrD1'
2020-05-03 17:46:07,b'RT @Hridyanshu_: Day 41: #100DaysOfCode \n\n- Solved problem on #Hackerrank\n\n#100DaysOfCodeatUPES\n#DevOpsatUPES\n\nhttps://t.co/iouSaKVrD1'
2020-05-03 17:46:02,b'Day 41: #100DaysOfCode \n\n- Solved problem on #Hackerrank\n\n#100DaysOfCodeatUPES\n#DevOpsatUPES\n\nhttps://t.co/iouSaKVrD1'
2020-05-03 17:14:15,b'RT @PiyushVishnoi11: Day 112/301:done...#301DaysOfCode \nlearnt about how to access remote repos in #maven #Java \nStuck with Wireshark in #L\xe2\x80\xa6'
2020-05-03 17:13:47,b'RT @PiyushVishnoi11: Day 112/301:done...#301DaysOfCode \nlearnt about how to access remote repos in #maven #Java \nStuck with Wireshark in #L\xe2\x80\xa6'
2020-05-03 17:13:02,b'RT @shashwat9kumar: Day 28 #100DaysOfCode\n\nHad a lazy day but still managed to solve #problems on @hackerrank \n\nCheck my progress at : http\xe2\x80\xa6'
2020-05-03 17:04:08,b'RT @shashwat9kumar: Day 28 #100DaysOfCode\n\nHad a lazy day but still managed to solve #problems on @hackerrank \n\nCheck my progress at : http\xe2\x80\xa6'
2020-05-03 17:04:04,b'RT @shashwat9kumar: Day 28 #100DaysOfCode\n\nHad a lazy day but still managed to solve #problems on @hackerrank \n\nCheck my progress at : http\xe2\x80\xa6'
2020-05-03 17:03:53,b'RT @shashwat9kumar: Day 28 #100DaysOfCode\n\nHad a lazy day but still managed to solve #problems on @hackerrank \n\nCheck my progress at : http\xe2\x80\xa6'
2020-05-03 17:03:53,b'RT @shashwat9kumar: Day 28 #100DaysOfCode\n\nHad a lazy day but still managed to solve #problems on @hackerrank \n\nCheck my progress at : http\xe2\x80\xa6'
2020-05-03 17:03:47,b'Day 28 #100DaysOfCode\n\nHad a lazy day but still managed to solve #problems on @hackerrank \n\nCheck my progress at :\xe2\x80\xa6 https://t.co/TeKDQbKvrX'
2020-05-03 16:50:14,b'RT @Yashvis99284225: Day 87-88:Done....#100DaysOfCode\nRevised the cpp and html .Stuck in the problem statement in cpp\n#Cpp  #github #DevOps\xe2\x80\xa6'
2020-05-03 16:50:07,b'RT @Yashvis99284225: Day 87-88:Done....#100DaysOfCode\nRevised the cpp and html .Stuck in the problem statement in cpp\n#Cpp  #github #DevOps\xe2\x80\xa6'
2020-05-03 16:50:05,b'RT @Yashvis99284225: Day 87-88:Done....#100DaysOfCode\nRevised the cpp and html .Stuck in the problem statement in cpp\n#Cpp  #github #DevOps\xe2\x80\xa6'
2020-05-03 16:50:05,b'RT @Yashvis99284225: Day 87-88:Done....#100DaysOfCode\nRevised the cpp and html .Stuck in the problem statement in cpp\n#Cpp  #github #DevOps\xe2\x80\xa6'
2020-05-03 16:50:05,b'RT @Yashvis99284225: Day 87-88:Done....#100DaysOfCode\nRevised the cpp and html .Stuck in the problem statement in cpp\n#Cpp  #github #DevOps\xe2\x80\xa6'
2020-05-03 16:50:00,b'Day 87-88:Done....#100DaysOfCode\nRevised the cpp and html .Stuck in the problem statement in cpp\n#Cpp  #github\xe2\x80\xa6 https://t.co/4FOjEntFbS'
2020-05-03 13:27:07,b'RT @ChhabraMaulik: Day 41 of #100daysofcode\n\nSolved some Java problems on Hackerrank. Got 5\xe2\xad\x90\xef\xb8\x8fin the same. Though it was not hard enough to\xe2\x80\xa6'
2020-05-03 13:25:17,b'RT @ChhabraMaulik: Day 41 of #100daysofcode\n\nSolved some Java problems on Hackerrank. Got 5\xe2\xad\x90\xef\xb8\x8fin the same. Though it was not hard enough to\xe2\x80\xa6'
2020-05-03 13:25:14,b'RT @ChhabraMaulik: Day 41 of #100daysofcode\n\nSolved some Java problems on Hackerrank. Got 5\xe2\xad\x90\xef\xb8\x8fin the same. Though it was not hard enough to\xe2\x80\xa6'
2020-05-03 13:25:14,b'RT @ChhabraMaulik: Day 41 of #100daysofcode\n\nSolved some Java problems on Hackerrank. Got 5\xe2\xad\x90\xef\xb8\x8fin the same. Though it was not hard enough to\xe2\x80\xa6'
2020-05-03 13:25:14,b'RT @ChhabraMaulik: Day 41 of #100daysofcode\n\nSolved some Java problems on Hackerrank. Got 5\xe2\xad\x90\xef\xb8\x8fin the same. Though it was not hard enough to\xe2\x80\xa6'
2020-05-03 13:25:09,b'Day 41 of #100daysofcode\n\nSolved some Java problems on Hackerrank. Got 5\xe2\xad\x90\xef\xb8\x8fin the same. Though it was not hard enoug\xe2\x80\xa6 https://t.co/e6Gzwuo7CG'
2020-05-02 18:27:02,b'RT @PiyushVishnoi11: Day 112/301:done...#301DaysOfCode \nlearnt about how to access remote repos in #maven #Java \nStuck with Wireshark in #L\xe2\x80\xa6'
2020-05-02 18:24:05,b'RT @PiyushVishnoi11: Day 112/301:done...#301DaysOfCode \nlearnt about how to access remote repos in #maven #Java \nStuck with Wireshark in #L\xe2\x80\xa6'
2020-05-02 18:23:53,b'RT @PiyushVishnoi11: Day 112/301:done...#301DaysOfCode \nlearnt about how to access remote repos in #maven #Java \nStuck with Wireshark in #L\xe2\x80\xa6'
2020-05-02 18:23:53,b'RT @PiyushVishnoi11: Day 112/301:done...#301DaysOfCode \nlearnt about how to access remote repos in #maven #Java \nStuck with Wireshark in #L\xe2\x80\xa6'
2020-05-02 18:23:53,b'RT @PiyushVishnoi11: Day 112/301:done...#301DaysOfCode \nlearnt about how to access remote repos in #maven #Java \nStuck with Wireshark in #L\xe2\x80\xa6'
2020-05-02 18:23:53,b'RT @PiyushVishnoi11: Day 112/301:done...#301DaysOfCode \nlearnt about how to access remote repos in #maven #Java \nStuck with Wireshark in #L\xe2\x80\xa6'
2020-05-02 18:23:48,b'Day 112/301:done...#301DaysOfCode \nlearnt about how to access remote repos in #maven #Java \nStuck with Wireshark in\xe2\x80\xa6 https://t.co/0Z1KsD9nxg'
2020-05-02 18:10:41,b'RT @JainSumyak: Day 109 of #301DaysOfCode \nTo see my log file \nclick\nhttps://t.co/GkpTwa1p9l\n\n#100DaysOfCode #DevOpsAtUPES #AWS #ApacheMave\xe2\x80\xa6'
2020-05-02 18:10:41,b'RT @JainSumyak: Day 109 of #301DaysOfCode \nTo see my log file \nclick\nhttps://t.co/GkpTwa1p9l\n\n#100DaysOfCode #DevOpsAtUPES #AWS #ApacheMave\xe2\x80\xa6'
2020-05-02 18:10:35,b'Day 109 of #301DaysOfCode \nTo see my log file \nclick\nhttps://t.co/GkpTwa1p9l\n\n#100DaysOfCode #DevOpsAtUPES #AWS\xe2\x80\xa6 https://t.co/flux0gFmnx'
2020-05-02 17:39:37,b'RT @Hridyanshu_: Day 40: #100DaysOfCode \n\n- revised some String concepts in #Java and solved a problem.\n\n#100DaysOfCodeatUPES\n#DevOpsatUPES\xe2\x80\xa6'
2020-05-02 17:37:49,b'RT @Hridyanshu_: Day 40: #100DaysOfCode \n\n- revised some String concepts in #Java and solved a problem.\n\n#100DaysOfCodeatUPES\n#DevOpsatUPES\xe2\x80\xa6'
2020-05-02 17:37:49,b'RT @Hridyanshu_: Day 40: #100DaysOfCode \n\n- revised some String concepts in #Java and solved a problem.\n\n#100DaysOfCodeatUPES\n#DevOpsatUPES\xe2\x80\xa6'
2020-05-02 17:37:44,b'Day 40: #100DaysOfCode \n\n- revised some String concepts in #Java and solved a problem.\n\n#100DaysOfCodeatUPES\xe2\x80\xa6 https://t.co/45kb6q4rtG'
2020-05-02 16:57:51,b'RT @shashwat9kumar: Day 27!! #100DaysOfCode\n\nSolved problems related to #DataStructures and #Algorithms on @hackerrank \n\nTrack my progress\xe2\x80\xa6'
2020-05-02 16:53:33,b'RT @shashwat9kumar: Day 27!! #100DaysOfCode\n\nSolved problems related to #DataStructures and #Algorithms on @hackerrank \n\nTrack my progress\xe2\x80\xa6'
2020-05-02 16:53:28,b'RT @shashwat9kumar: Day 27!! #100DaysOfCode\n\nSolved problems related to #DataStructures and #Algorithms on @hackerrank \n\nTrack my progress\xe2\x80\xa6'
2020-05-02 16:53:17,b'RT @shashwat9kumar: Day 27!! #100DaysOfCode\n\nSolved problems related to #DataStructures and #Algorithms on @hackerrank \n\nTrack my progress\xe2\x80\xa6'
2020-05-02 16:53:09,b'RT @shashwat9kumar: Day 27!! #100DaysOfCode\n\nSolved problems related to #DataStructures and #Algorithms on @hackerrank \n\nTrack my progress\xe2\x80\xa6'
2020-05-02 16:53:04,b'Day 27!! #100DaysOfCode\n\nSolved problems related to #DataStructures and #Algorithms on @hackerrank \n\nTrack my progr\xe2\x80\xa6 https://t.co/j8PpR6UVDu'
2020-05-02 14:11:38,"b'RT @monit_kapoor: https://t.co/RngFjxGCy6\nCan safely say, now with first batch of CSE DevOps,about to reach final year, we have done more t\xe2\x80\xa6'"
2020-05-02 13:29:58,"b""RT @ChhabraMaulik: Day 40 of #100daysofcode\n\nRevised Collections and solved some Java problems on Hackerrank.\xf0\x9f\x92\xbb\n\nHere's the source code:\nhtt\xe2\x80\xa6"""
2020-05-02 13:29:37,"b""RT @ChhabraMaulik: Day 40 of #100daysofcode\n\nRevised Collections and solved some Java problems on Hackerrank.\xf0\x9f\x92\xbb\n\nHere's the source code:\nhtt\xe2\x80\xa6"""
2020-05-02 13:29:36,"b""RT @ChhabraMaulik: Day 40 of #100daysofcode\n\nRevised Collections and solved some Java problems on Hackerrank.\xf0\x9f\x92\xbb\n\nHere's the source code:\nhtt\xe2\x80\xa6"""
2020-05-02 13:29:34,"b""RT @ChhabraMaulik: Day 40 of #100daysofcode\n\nRevised Collections and solved some Java problems on Hackerrank.\xf0\x9f\x92\xbb\n\nHere's the source code:\nhtt\xe2\x80\xa6"""
2020-05-02 13:29:34,"b""RT @ChhabraMaulik: Day 40 of #100daysofcode\n\nRevised Collections and solved some Java problems on Hackerrank.\xf0\x9f\x92\xbb\n\nHere's the source code:\nhtt\xe2\x80\xa6"""
2020-05-02 13:29:29,"b""Day 40 of #100daysofcode\n\nRevised Collections and solved some Java problems on Hackerrank.\xf0\x9f\x92\xbb\n\nHere's the source code\xe2\x80\xa6 https://t.co/2gbxrUd0O2"""
2020-05-01 17:42:50,"b'https://t.co/RngFjxGCy6\nCan safely say, now with first batch of CSE DevOps,about to reach final year, we have done\xe2\x80\xa6 https://t.co/34T4JKGz4S'"
2020-05-01 17:09:06,b'RT @Yashvis99284225: Day 84-86:Done....#100DaysOfCode\nLearned few more tags of html and revised the cpp concepts\n#Cpp  #github #DevOps #Lin\xe2\x80\xa6'
2020-05-01 17:04:46,b'RT @shashwat9kumar: Day 26 #100DaysOfCode\n\nSolved problems on @hackerrank  related to #algorithms \nand #Mathematics \n\nCheck my progress at\xe2\x80\xa6'
2020-05-01 17:04:44,b'RT @shashwat9kumar: Day 26 #100DaysOfCode\n\nSolved problems on @hackerrank  related to #algorithms \nand #Mathematics \n\nCheck my progress at\xe2\x80\xa6'
2020-05-01 17:04:40,b'RT @shashwat9kumar: Day 26 #100DaysOfCode\n\nSolved problems on @hackerrank  related to #algorithms \nand #Mathematics \n\nCheck my progress at\xe2\x80\xa6'
2020-05-01 17:04:34,b'RT @shashwat9kumar: Day 26 #100DaysOfCode\n\nSolved problems on @hackerrank  related to #algorithms \nand #Mathematics \n\nCheck my progress at\xe2\x80\xa6'
2020-05-01 17:03:56,b'RT @shashwat9kumar: Day 26 #100DaysOfCode\n\nSolved problems on @hackerrank  related to #algorithms \nand #Mathematics \n\nCheck my progress at\xe2\x80\xa6'
2020-05-01 17:03:44,b'RT @shashwat9kumar: Day 26 #100DaysOfCode\n\nSolved problems on @hackerrank  related to #algorithms \nand #Mathematics \n\nCheck my progress at\xe2\x80\xa6'
2020-05-01 17:03:39,b'Day 26 #100DaysOfCode\n\nSolved problems on @hackerrank  related to #algorithms \nand #Mathematics \n\nCheck my progress\xe2\x80\xa6 https://t.co/S5HCBpnCzA'
2020-05-01 16:52:04,b'RT @Yashvis99284225: Day 84-86:Done....#100DaysOfCode\nLearned few more tags of html and revised the cpp concepts\n#Cpp  #github #DevOps #Lin\xe2\x80\xa6'
2020-05-01 16:51:35,b'RT @Yashvis99284225: Day 84-86:Done....#100DaysOfCode\nLearned few more tags of html and revised the cpp concepts\n#Cpp  #github #DevOps #Lin\xe2\x80\xa6'
2020-05-01 16:51:23,b'RT @Yashvis99284225: Day 84-86:Done....#100DaysOfCode\nLearned few more tags of html and revised the cpp concepts\n#Cpp  #github #DevOps #Lin\xe2\x80\xa6'
2020-05-01 16:51:19,b'RT @Yashvis99284225: Day 84-86:Done....#100DaysOfCode\nLearned few more tags of html and revised the cpp concepts\n#Cpp  #github #DevOps #Lin\xe2\x80\xa6'
2020-05-01 16:51:14,b'Day 84-86:Done....#100DaysOfCode\nLearned few more tags of html and revised the cpp concepts\n#Cpp  #github #DevOps\xe2\x80\xa6 https://t.co/E2xrcHndni'
2020-05-01 15:12:05,b'RT @Hridyanshu_: Day 38-39: #100DaysOfCode \n \n- continued with #Java \n- Studied about Servlets in Java and also coded some problems related\xe2\x80\xa6'
2020-05-01 15:09:53,b'RT @Hridyanshu_: Day 38-39: #100DaysOfCode \n \n- continued with #Java \n- Studied about Servlets in Java and also coded some problems related\xe2\x80\xa6'
2020-05-01 15:05:58,b'RT @Hridyanshu_: Day 38-39: #100DaysOfCode \n \n- continued with #Java \n- Studied about Servlets in Java and also coded some problems related\xe2\x80\xa6'
2020-05-01 15:05:56,b'RT @Hridyanshu_: Day 38-39: #100DaysOfCode \n \n- continued with #Java \n- Studied about Servlets in Java and also coded some problems related\xe2\x80\xa6'
2020-05-01 15:05:56,b'RT @Hridyanshu_: Day 38-39: #100DaysOfCode \n \n- continued with #Java \n- Studied about Servlets in Java and also coded some problems related\xe2\x80\xa6'
2020-05-01 15:05:52,b'RT @Hridyanshu_: Day 38-39: #100DaysOfCode \n \n- continued with #Java \n- Studied about Servlets in Java and also coded some problems related\xe2\x80\xa6'
